reply,category
아들이 매우 좋아합니다 온라인 게임은 채팅이 매우 불안한데 콘솔은 건강한게임이라 좋습니다,digital
생각보다 빠르게 받았습니다 ,digital
아들이 좋아합니다 감사합니다  ,digital
배송이 빠르고 서비스와 품질 모두 만족합니다 ,digital
최고예요 ,digital
너무너무 기다리던 닌텐도 스위치가 드뎌 왔네요 구하기 어렵다던 네온입니다  한참을 기다려서 그런지 너무 반가웠습니다 재밌게 게임 할일만 남았네요 구매하고 다시들어가보니 네온은 구할수가 없군요 조심스럽게 하나하나 부품을 확인하니 너무 이쁘네요 동작확인하고 셋팅해봐야겠습니다  원래 게임선택을 샨테로 하지 않을려고 했는데 이것도 나름 재밌다고 하니 기대가 됩니다 ,digital
배송이 빨라서 좋았어요  ,digital
배송빨라서 좋습니다 액정보호필름은 넣지마세요 맞지 않아요,digital
아이들이 너무 좋아합니다  어른인 저도 재밌구요   포장도 꼼꼼히 잘해 주셨습니다  감사합니다,digital
하얀색 깔끔한데   오래잡고하니 조이스틱부분이 쌔까망쓰      잘 닦아주될듯한데 요건 네온색상제품도 그럴텐데 하양이라 유독 그렇게 느껴지네요   예쁨을 살짝 포기할꺼면 네온색상이 낫습니다 가격은 쿠폰이랑 청구할인으로 옴총싸게 사서 좋았네여 잘쓸께영 ,digital
아이가 집에서 심심해하길래 고민하다가 구입했어요 배송도 빠르고 제품 정상적으로 잘 작동되구요 화면도 커서 너무 좋네요 상품 받은날 모여봐요 동물의숲 칩 사서 바로 해봤는데 화질도 좋고 아기자기 귀여워요 아이랑 같이 시간가는줄 모르고 줄겁게 하고 있네요,digital
어른한테는 시시한 게임이 좀 많지만 애들은 좋아해요    크리스마스선물이었습니다  돈은 엄빠가   생색은 산타가 냈어요    눈뜨자마자 지들끼리 마구 눌러놔서 한글도 아닌 영어로 셋팅 계정이름도 영어로 이상한 글씨  아놔   조이콘 빼다꼈다 하는건 어른인 저도 할때마다 버벅거려요  요령이없는건지   애들이 잡으면 조마조마 합니다  불신 엄마   마리오 파티는 시시하고 단순한것들 많아  세도 열심히 흔들어댑니다   세는  세랑 게임취향이 안맞아 좋은 게임기 들고서도 싸움이네요   그만좀 싸우지  세는 같이 하고싶다,digital
   에서 가격 저렴하게 잘 샀어요 작동도 잘되고 이상 없네요 좋습니다  ,digital
쿠폰으로 저렴하게 구매했네요  잘 쑬께요  역시 닌텐도 재미있네요,digital
아이들 생일 선물로 사줬어요  아주 좋아하네요   강추해요   ,digital
너무너무 기다리던 닌텐도 스위치가 드뎌 왔네요 구하기 어렵다던 네온입니다  한참을 기다려서 그런지 너무 반가웠습니다 재밌게 게임 할일만 남았네요 구매하고 다시들어가보니 네온은 구할수가 없군요 조심스럽게 하나하나 부품을 확인하니 너무 이쁘네요 동작확인하고 셋팅해봐야겠습니다  원래 게임선택을 샨테로 하지 않을려고 했는데 이것도 나름 재밌다고 하니 기대가 됩니다 ,digital
뽁뽁이로 포장도 잘되어 있고  배송도 주문 다음날 바로 도착해서 넘 좋아요  빠른 배송이 최고에요  특급배송   별도의 설명서가 없고 핸드폰으로   코드로 잘 읽어보고 사용해야 되네요  대충 덤비면 안되요 설명서를 읽어봐야 해요 따로 프로그램은 설치 할것은 없는데     케이블로   연결하고 충전 독 설치후 충전은    정도 되어있어 구지 충전은 안해도 되지만 기본 충전은 되어있어 사용하는데는 문제없어요 정독해서 복싱 퀀투  게임은 별도로 구입해서 설치해봤는데 작동 잘 되고 게임도 잘 되어서 좋아요  다,digital
배송 엄청 빠르게왔네요 포장도 꼼꼼하게해서 왔네요  시간 사용 해봤는데 잘 작동 하네요 커비도 랑 세트로 구입 했는데 재미있네요,digital
배송은 하루 만에 왔어요 근데 택배 회사는 바꾸시는게 좋을거 같아요 박스가 다 부셔져 왔어요 긱계는 폭폭이로 싸여서 괜찮았어요,digital
딸아이가 너무 좋아해요,digital
아들 생일이라서 주문했어요  가격은 카드할인으로 정가보다 조금 저렴하게 구입했습니다  중고로 구입하면 더 저렴하게 구입할 수 있었지만 아이 생일선물로 새것 정품을 선물해주고 싶어서 급하게 필요했는데 배송도 빨리 해주시고 배송 상태도 좋았습니다  뽁뽁이로 잘 포장되어 왔구요  배송은 당일배송으로 발송해주셨습니다  가족 모두 재미있게 할 게임팩을 고르느라 마리오파티 슈퍼스타즈로 골랐구요  작동 잘 됩니다  사은품으로 온 액정 필름은 좋지는 않네요  강화유리였으면 더 좋았을 것 같은데 아쉽네요  필름은,digital
팩을 스포츠로 구매했는데 파티로 왔어요    제가 잘못주문했나 확인했는데 잘못온거네요 생일선물로 바로 줘야해서 교환할 시간이없어 그냥줘야할거같아요 확인 좀 잘 부탁드려요     스포츠 따로 또사야하네요   ,digital
잘받았어요   엄청 빨리와서 너무 좋았어요  애들이 엄청 좋아해요 가격도 괜찮고 좋아용   포장고 꼼꼼하게 와서 너무 좋았어요 게임팩들도 언릉 더 주문해서 주말에 애들이랑 게임해야겠어요 네온이 넘이뻐요 기분이 너무 좋네요 많이많이 파세요   ,digital
너무좋아요  행복해요 쿠폰써서 저렴하게 샀어요    ,digital
신혼부부입니다  살이 너무 쪘습니다  다이어트를 핑계로 링피트를 하기 위해 닌텐도를 질렀죠  박스 상태도 좋았고 제품은 두말 할것도 없네요  행복합니다   키로씩 빠질때마다 게임칩을 하나씩 구매하기로 했죠  살 빼고 말거야,digital
주문하고   시간 이내 받았네요      시 이후에 주문했는데도 당일 출고 해주셔서    로켓배송인줄   넘 빨리받아서 기분좋아요    조금 아쉬운건 비가 엄청오는데 복도식 아파트라     나가봤더니 젖은바닥에 박스가 놓여있어서 혹시나 전기제품인데   걱정되더라구요      다행히 안에까지는 안젖었더라구요    뽁뽁이 포장도 해주셔서 다행히 과격한    배송이어도   격은 덜할꺼같긴한데        일 좋은건 이번에 추석맞이 할인   카드할인 중복적용 받아서 최저가로 산거같아여   당 마켓에서 파는것보다,digital
동숲이 유명해서 사봤는데 게임이 디게 잔잔하더라고요    재미가있는지 없는지 모르겠는데 순식간에  시간이 지나있었습니다   얼른 동숲에서 내집마련하고싶네요,digital
배송 빠르게 잘왔습니다 아이 생일선뮬이었는데 굉장히 좋아하네요 이모가 마리오카트팩도 선물해줘서 다같이 재미있게 게임을 줄기며 놀았습니다 ,digital
빨리 왔어요  아이가 좋아해요  저렴하게 잘 구입했어요 ,digital
흠  일단은 제품배송은 빠르고 좋았지만은 포장이 아주 많이 아쉽네요  박스가 다뿌셔져 왔고요   에어캡은 있었지만 진심 부실이나 기계가 작동이 안될까봐 무지 걱정되었어요   아무든 그 문제 말고 다 괜찮았어요  아무든 울꼬맹이가 무지 좋아하는 표정을 보니 저도 넘 기뻤네요   ,digital
빠르게 배송 받았습니다  포장도 잘 되서 받았고  청구할인 및 포인트 사용해서 저렴하게 구매 했어요  기기는 정품이라 다 동일 하고     에서 쿠폰 잘 하고 청구 할인 잘 받았더니 다른 곳 보다 저렴하게 잘 구매 했습니다 화이트 구매 했는데  너무 예쁘고 깔끔합니다 ,digital
네온모델   게임 패키지는 죄 품절인데 일단 네온모델 아무거나 주문하시고 업체에 전화하셔서 게임 바꿔달라 해보세요 저도 원래 주문했던 게임을 전화로 바꿨습니다,digital
상품권이 있어서 구매했는데 구매하길 잘한것 같습니다,digital
너무 좋아요  생각보다 화이트 색상 이쁘네요  링피트로 운동하려고 구매했고  기존 가지고 있던 라이트는 이참에 당근했네요   동숲도 이참에 새로운 마음으로 새로 시작  ,digital
빠른배송 감사해요  안전하게 잘 도착했어요  닌텐도야 뭐 말할 것도 없지용 저의 크리스마스 선물로 하나 장만했습니다  ,digital
초등 아들 마리오카트 노래를 불러서 사주었는데 비싸긴하나 최고 선물이네요 ,digital
구하기 힘든  네온 저렴하게 잘삿읍니다,digital
판매자분이 하계휴가걸려서 발송은 늦었지만 배송은 특급배송이네요  네온컬러 무지이쁘고 좋습니다  이제 열심히 즐겨봅니다 ,digital
배송뻐르고 좋아요 운동 게임이라 도움이되요 ,digital
제품 하자없이 잘받았습니다 작동두 잘됩니다 ,digital
어린이날을 맞이하여 구매했습니다 가격도 착하고 배송빠르고 너무나도 만족합니다 ,digital
배송이 엄청 빠르네요 잘 받았습니다  아주 저렴한 가격에 구매했어요 어주 좋습니다 만족스러뤄요 이제 젤다 다 클리어 할 예정입니더 너뮤 기대되네요     ,digital
주문한 다음날 도착하고 특전도 들어있는 칩이라 아이가 너무 좋아해요 화이트 그리고 이뻐용  ,digital
배송 주문한지 하루만에 와서 너무 좋았어요  박스 포장상태도 좋고 제품상태도 완전  급입니다  만족합니다 ,digital
여기가 저렴합니다,digital
게임도 다양하게 많고 아주 재미있어요  애들이랑 시간가는줄 모르고 했어요 ,digital
물건이야   설명할 필요는 없는거 같고  배송은 구매 후  일만에 도착했습니다  끼어팔기  결합팔기는 아무리 시간이 지나도 안풀리네요   별수없이 혜택 많을때 게임 끼어팔기 상품을 샀음다   구입하실분들은 최대한 카드할인가가 높고  추가적으로    측에서 행사해서 중복 쿠폰줄때 구입하세요   본체만 기다렸다가 구입하긴 타이밍이 어렵네요   글구   만원이 넘는 상품 판매하면서 굳이 배송비 받는것도 참   아쉽네요    결국 배송비 아끼려고 이곳에서 판매하는 다른게임 묶음으로 구입했네요   끼어팔기하실거면 차라리 모,digital
드디어 닌텐도 스위치 샀네요 진짜 좋아요 링피트로 살뺄거예요 포장도 꼼꼼하게 왔어요,digital
재밌게 잘 즐기는 게임기네요,digital
색상이 화이트밖에 없어 별하나뺐어요 넘쪼아여,digital
아직도 네온 구하기가 쉽지 않던데 잘 구입했읍니다,digital
정말정말 잘 쓰고있어요   빠른 배송 감사합니다,digital
빠른배송 케이스가 찍그러져 왔네요 ,digital
빠르게 잘 받았습니다  아이가 좋아합니다 ,digital
배송 하루만에 왔구요 아이가 넘 좋아하네요,digital
다음날 바로 왔어요 싸게 잘샀어요,digital
말해 뭐하나요 중고가격이랑 큰차이 안나서 새상품구매했어요 아들이 생에 최고의 선물이랍니다   참나   ,digital
이거 불량인가요  파랑색은 딸깍 소리가 이럴때 나요  원래 삐뚤어진 건가요 ,digital
어린이날전에 부랴부랴 주문했는데 빨리와서 정말 안심했네요  아이가 스티커도 다붙인 상황이라   서프라이즈 선물을 준비했는데 너무너무 좋아해서 뿌듯했어요  역시 닌텐도는 마리오  ,digital
아침에는 저 복싱 한다고 쓰고 저녁에는 동물의숲 한다고 하루 종일 열 일 합니다 화면이 예전 꺼는 안 써 봤지만 리뷰보니 크고 선명해서 티비 연결 안 해도 잘 써집니다,digital
저렴한가격에 살 수 있어서 좋았습니다  포장도 무척 꼼꼼하고 배송도 빨랐어요 ,digital
선물용 구매  받은분이 만족해하고있어요 하루에 한개밖에 구매가 안되서 제껄로 또 하나 사려구요    청구할인까지 잘 받아서 저렴하게 구매해 어요,digital
카드할인해서 잘 산 것 같아요  쓱닷컴이 젤 저렴하네요    아이가 좋아하네요 ,digital
배송도 빠르고 사달라고 계속 조르다가 행사가에 가격도 좋고 잘 산거 같아요 잘 사용할게요  ,digital
상품 빨리 받아볼 수 있어서 좋았습니다  여기서 구매하는 상품들은 포장이 잘 되어 와서 항상 만족합니다 ,digital
저렴하게 잘 구매했습니다   ,digital
좋아요   동생한테 사줬는데 발송되고 다음날에 바로 왔어요   안전하게 잘 왔구 뽁뽁이도 감싸서 안전하게 왔어요  ,digital
살까말까하다가 요즘 시국에 밖에 잘 나가지 못해서 집에서 남편이랑 같이 할려고 샀는데 재밌어요    ,digital
우선 배송이 엄청 빠르고 제품 포장 상태가 좋아 만족합니다    별로 기대 안했는데 생각이상으로 운동 효과 좋습니다,digital
좋은 제품 잘 받았습니다 ,digital
배송 빠르고 저렴합니다,digital
포장과 배송 모두     입니다,digital
배송 빠르고 좋아요,digital
가성비가 좋고 다음에 또 이용해야겠습니다   ,digital
저렴하게 잘 구매했어요,digital
저렴하게 잘 구매했습니다   ,digital
신나게 잘 하고 있습니다   ,digital
빠른배송 좋은제품 만족,digital
잘 사용 하겠습니다    ,digital
저렴하게 구입할 수 있어서 좋아요 ,digital
추석전임에도 하루만에 받았어요 택배기사님짱  아이가 너무너무 좋아하네요,digital
딸 생일선물로 구매했어요   아직 선물주기전이라 아직 설치 전입니다 ,digital
배송도빠르고 게임팩운동잘하고있어요 다른팩도사보고싶어요,digital
배송도 빠르고 너무 좋아요 아이들과 재밌게 하고있어요,digital
어제주문 오늘도착 빠른배송 훌륭하네요 방학계획 잘 세워서 바른 게임생활 이어갈께요,digital
늘 사던 제품 입니다,digital
 월에 생일도 있고 어린이날 겸해서 아이한테 선물했어요 희망사항이지만 폰게임은 그만하고 주말에 닌텐도 게임 같이 하기로 약속했어요,digital
배송도 빠르고 물건도 상태 좋아요  상품권이랑 쿠폰 되는거 다 써서 최저가로 샀어요  게임기 잘 쓰고 있습니다     ,digital
잘받아서 설치 잘했습니다 애들이좋아하네요,digital
오엘이디로 하니깐 눈이 더 편하고 좋아요 옛날꺼는 너무 별론거 같아요 오엘이디에 비해서    사길 잘했어요  ,digital
좋은상품 감사합니다,digital
어린이날 선물로 닌텐도를 받고싶다고해서미리 구입합니다 어린이날 줄려고했는데 애들이 봐버렸네요   좋아해서 다행입니다,digital
닌텐도 잘쓰고있습니다 ,digital
아이들이 너무 좋아하네요 내가 재밌게 게임하며 운동하려한건데    가족모두 좋아하는 필수템이 될듯해요,digital
잘 받았습니다 배송도 빠르고 좋아요,digital
요즘 가정의달이라고 할인 많이해서 이기회에 게임사려고 구매했습니다  결제후 바로 메일왔습니다  쿠폰도 먹여져서 잘샀네요  이샵 세일하는거 많아서 지금사기에 좋은것같아요 ,digital
빠르고 정확하게 코드를 받았습니다,digital
쉽게 등륙해서 간편하게 등록했습니다,digital
상품권 속도 빨라요,digital
사용하지 않았는데 사용한 선불 번호라고 뜨네요 환불해주세요,digital
전화번호를 잘못 입력해서 멘붕 왔었는데  다행히도 구매내역을 통해 어카운트로 직접 연동할 수 있었습니다 ,digital
애들이 게임 사고 싶어할 때 마다 구입해서 충전 후 사용해요 ,digital
최고예요 ,digital
전송도 빠르고 좋아요 ,digital
빠르고 좋습니다,digital
요즘 가정의달이라고 할인 많이해서 이기회에 게임사려고 구매했습니다  결제후 바로 메일왔습니다  쿠폰도 먹여져서 잘샀네요  이샵 세일하는거 많아서 지금사기에 좋은것같아요 ,digital
빠른 배송 감사합니다 ,digital
구매해서 메일로 링크를 받았는데    닌텐도에서는 잔액변화가 없네요   그래서 메일에서 취소를 누르고  닌텐도 사이트에서 번호를 눌렀는데 그런번호가 없다고 하고    뭐가 뭔지 모르겠습니다 ,digital
바로 등록되서 좋아요,digital
다운로드 컨텐츠로 주로 구매하는 입장에서 선불쿠폰이 최곱니다  할인도 자주하고  구매한 게임은 언제든지 다운로드 삭제가 가능해서 좋아요,digital
잘 받았어요  저렴하게 구입했어요 쿠폰사용 아이조아 ,digital
저렴하게 잘 구입해봤어요,digital
감사합니다 잘받았습니다,digital
굿  분 정도면 다 돼요,digital
빠른 배송 감사합니다 ,digital
요즘 가정의달이라고 할인 많이해서 이기회에 게임사려고 구매했습니다  결제후 바로 메일왔습니다  쿠폰도 먹여져서 잘샀네요  이샵 세일하는거 많아서 지금사기에 좋은것같아요 ,digital
매번 사는거에요 젤 좋아요,digital
좋아요   좋아요  ,digital
애덜 어린이날선물로 겜 구매해줬어요  빠르고 좋아요,digital
빨리 코드가 넘어왔긴한데   만원 초과시 충전 안되는걸 늦게 알아서 결제하고 겨우 충전했네요,digital
빠른배송 이전에 플랜도팔았던것같은데 아쉽네요 그냥 선불로 플랜 구매했어요 많이파세요 ,digital
빨리 와서 너무 좋아요 닌텐도 선불번호 사야할 땐 여기서 사게되네요    ,digital
구매하자마자 바로 발급되는 건 아니고 몇분 기다리다 보면 도착해요  카톡으로도 안내돼서 편합니다   ,digital
  캐시백 경유해서 사면 추가 포인트도 적립되고 좋아요  여기가 제일 안전하고 빨리 오는 거 같아요  ,digital
주문내역에서 지금다운로드만 누르면 바로되서 너무좋아요   이걸로 포켓몬 아르세우스예약한거 잔액충전했어요,digital
구매즉시 코드 발송 감사합니다,digital
어렵지않게 충전해서 사용했어요 ,digital
게임 온라인 세일할때 유용해요,digital
아들 생선으러 구매요,digital
주문 후  분안에 코드 도착 편리하고 좋았습니다,digital
늘 구매하고 있는 제품입니다 ,digital
빠르고좋아요    ,digital
아들 죠죠 산대여 충천해줬어요,digital
세일에 사용할려고 주문했어요,digital
아이들 닌텐도 숍에서 게임사줄때 삽니다,digital
주문후  분후에 바로사용 가능 좋습니다,digital
최고예요 ,digital
빠르네요,digital
저렴하게 잘 사서 사용했네요  ,digital
싸게 구매할 수 있어서 좋아요,digital
이젠 선불로만 되서 귀찮긴해요 ,digital
빠른 배송 감사합니다,digital
재미있게 하고 있어요,digital
선불권 편하게 구매했어요 ,digital
구매 후 바로 번호 오네요  편하게 잘 썼습니다 ,digital
선물 구매 입니다  실수로 선물 구매 대신 구매를 눌러 버리는 바람에 선물 받은 사람 계정에 제가 로그인 해서 등록 해서 잘 쓰고 있습니다  선물 할때는 잘 보고 구매 하세요  전화번호만 바꾸면 되는 줄 알고 저처럼 실 수 하지 마시구요 ,digital
너무 잘샀어요 저렴하게 구입해서 득템한 기분,digital
좋아요 간편해요   ,digital
아이고 언제나 감사합니다 덕분에 잘씁니다 ,digital
구입과 사용이 너무 편하네요 ,digital
사용하기 편리햇어요,digital
할인해서 저렴하게 구입할 수 있어서 너무 좋아요,digital
구매내역에서 바로등록할수있어서 편하고 좋아요,digital
굿굿굿굿 좋아요  ,digital
   구매시 너무 편합니다,digital
쿠폰번호 빨리오네여  ,digital
발송 빠르고 좋아요,digital
싸게 잘 샀어요    ,digital
잘받았어요 배송 빨리 왔어요,digital
새벽에도 발송되니까 좋습니다,digital
빠르게 문자오네요 편합니다,digital
싸게 잘 구매했습니다 ,digital
조아요 조아요 너무 초아요,digital
구매가 간편하고  사용도 편합니다  추천해요,digital
저렴하고 배송도 빠르고 좋아요 ,digital
닌텐도 선불권을 할인해서 사니 좋아요 ,digital
싸게잘샀습니다 좋아요,digital
장바구니쿠폰적용되서 넘 저렴하게 구해했어요  만족스러워요    ,digital
할인해서 좋아요 코드도 바로 받을 수 있어서 기다리지 않고 바로 사용 가능해요,digital
구매하고 몇 분 내로 어카운트에 잔액추가할 수 있어서 편리합니다 ,digital
정말 싸게 잘샀어요  닌텐도 선불 카드는 여기가 짱인듯,digital
요즘 닌텐도를 사서 재미나게 하고 있는 데 선불번호 넣어서 게임구매했습니다 ,digital
지금 다운로드 버튼을 누르면 구매내역이 자동으로 추가되어 편해요   ,digital
바로 사용하기 좋습니다   분안에 다운로드코드가 와서 편리합니다 ,digital
구매 직후 바로 등록해서 사용할 수 있습니다  편해서 좋네요 ,digital
좋아요  감사합니다 ,digital
여기서 이렇게 팔아주셔서 얼마나 감사한지 몰라요  편하게 구매해서 스위치에서 게임 질렀습니다   ,digital
잘받았습니다 밤늦게 구매했는데  분만에 왔어요  잘 사용했습니다 재구매의사 있습니다  감사합니다,digital
이번에 동숲 확장팩 나온다해서 충전시켜주는데 결재할때 쫌 그랬지만 그래도 잘 해서 아이들이 너무 좋아합니다,digital
좋아요 맘에 들어요 추천합니다 좋아요 맘에 들어요 추천합니다 좋아요 맘에 들어요 추천합니다 좋아요 맘에 들어요 추천합니다 좋아요 맘에 들어요 추천합니다 좋아요 맘에 들어요 추천합니다 좋아요 맘에 들어요 추천합니다 좋아요 맘에 들어요 추천합니다 좋아요 맘에 들어요 추천합니다 좋아요 맘에 들어요 추천합니다 좋아요 맘에 들어요 추천합니다 좋아요 맘에 들어요 추천합니다 좋아요 맘에 들어요 추천합니다 좋아요 맘에 들어요 추천합니다 좋아요 맘에 들어요 추천합니다 좋아요 맘에 들어요 추천합니다 좋아요 맘에 들어요,digital
편리하고 너무 좋아요,digital
잘썼습니다,digital
잘받았습니다 빠르고좋아요,digital
사용하기 정말 괜찮아요,digital
좋아요 바로쓸수있었어요 좋습니다,digital
 닌텐도      화이트 구매 후기   이런 사람 구매 하세요      간단하게 가족이나 연인과 게임을 즐기고 싶은 분 대부분 게임이 어렵지 않아 남녀노소 누구나 즐길 수 있을 정도    이동이 잦아 휴대용 게임기 필요하신분  전작보디 크고 선명해진 디스플레이  기존    인치               인치         집안 인테리어 기능이 필요한 게임이가 필요하신분 세련된 화이트 색상 출시로 집안 어디어 두어도 어색하지 않음   전작과의 차이    크고 선명해진 디스플레이  기존    인치               인,digital
음 배송은 좀 기다렸지만 할인율이 좋아서 최고 그런데 박스포장 테이프가 거희 떨어져 나감 한진테이프던데 택배업체에서 포장을 하는건지 이게 이상함 개봉을 한건지 원래 그런건지   박스안에 보뽁이가 넘 부족하더라고요 완충용으로 넉넉히 넣으면 좋은데요  ,digital
리뷰보고 포장때문에 걱정했는데 박스에 흠짓하나없이 왔어요    뽁뽁이도 잘감싸서 보내주셨어요    아들이 닌텐도 오기만을 눈빠지게 기다렸는데    워낙시골이라 오래걸릴줄 알았는데    주문하고 이틀만에 받았어요    빠른배송 감사합니다     상품에 문제없고 받자마자 너무 재미있다며 신나게 놀고있어요    혹시 필름은 붙여주는곳이 따로있나요  필름붙이다가 결국실패했어요    ,digital
월요일 주문했는데 수요일 수령했네요 서프라이즈 용으로 주문했는데 별다른 이상없이 잘 받았습니다,digital
마침 기기 단품 재고가 생겨서 크리스마스 선물로 좀 일찍 구매했습니다   일에 주문하고  일에 수령했네요  박스 밀봉 안되어 있고 판매처 날인도 없이 왔네요  일단   를 위해 영수증은 출력해서 같이 보관합니다 ,digital
항상 동생것 빌려서 사용하다가 기회가 되어서 나에게 주는 선물로 구매하게 되었는데  영롱하네요  강화 필름은 아니지만 전체적으로 닌텐도 정품 구성품은 마냥 좋네요  다른 후기에 안좋다는분들도 많으신데  꼼꼼히 살펴본 결과  저로써는 너무 만족 스럽습니다  박스 손상없이 온것도   에어캡포장도 좋았고   제품도 양품이고   구성품도 완벽했습니다  오엘이디가 잔상이 남는다는데  하루해본 결과 아직까진 잘 모르겠네요  독 모드를 프로콘과 함께 주로 쓰면서 침대에서 거치모드로 새우고 하니 너무 좋아요  추천합니다 ,digital
조카 크리스마스 선물로 선물 했습니다  게임팩과 함께 있어서 선물과 동시에 바로 게임을 해 볼 수 있어서 좋았어요  사용한지  개월이 경과 되었는데 화질도 좋고 너무 재밌게 즐기고 있다고 해서 뿌듯하네요,digital
목요일 저녁에주문해서 토요일에받았습니다   혹시나 했는대 빠른출고 감사합니다 택배가 지연되서 걱정했지만 다행히 동내까지 무사도착한진택배여서 기사님만나서 직접받았습니다 배송도 빨라 좋았습니다 요즘은 오프라인도 흰색뿐이라 결정없이 흰색구매 닌텐도박스에 비닐포장으로 되어있고 박스에 라벨은 붙어있지않았지만  리뷰어 정품인증 글이 많아 고민했지만     에서 판매해서 믿고 구매하였습니다   가전은   가 잘되는곳이 좋은거같아요     가 화질이 좋다고하는데 처음봐서 그런지 선명하고 좋네요  요즘은인터넷으로 찾,digital
배터리개선판 스위치 사용했었는데     버전이 화면도 커지고 화질도 더 쨍해져서 새로 구입했어요    에 연결해서 사용한다면 기존버전이랑 다를게 없으나 휴대용으로 사용한다면 확실히 다른게 느껴지네요  새기기로 계정 옮기는게 오래 걸리긴 했지만 확실히 바꾸기를 잘 한것 같아요 ,digital
배송 오자마자 잘 즐기고 있어요  살까말까 고만 많이 했는데 배송도 빠르고 일단 만족스러워요 ,digital
 닌텐도      화이트 구매 후기   이런 사람 구매 하세요      간단하게 가족이나 연인과 게임을 즐기고 싶은 분 대부분 게임이 어렵지 않아 남녀노소 누구나 즐길 수 있을 정도    이동이 잦아 휴대용 게임기 필요하신분  전작보디 크고 선명해진 디스플레이  기존    인치               인치         집안 인테리어 기능이 필요한 게임이가 필요하신분 세련된 화이트 색상 출시로 집안 어디어 두어도 어색하지 않음   전작과의 차이    크고 선명해진 디스플레이  기존    인치               인,digital
제신랑이 폰게임도 좋아하고 이런저런 게임을 다 좋아해서 집에 플스랑 플스관련된 주변장치 들도 다 구매해놓은 상태예요  그런 신랑이 어느날부턴가 닌텐도스위치를 사고싶다며 은근슬쩍 티를 냈는데  막상 제가 사라고 말해도 가격때문에 망설여지고 게임에 관심이 없는 제 눈치가 보이는지 살 생각을 안하더라구요  그래서 이번에 신랑을 웃게 해주고도 싶고 플스보다는 닌텐도가 저랑 신랑이 함께 할 수 있는 게임 종류가 많은 것 같아서 제가 직접 신랑선물로 구매했어요  원래 스위치 기계가격만       원인데    에서 구매하면,digital
포장 대박이네요 뜯기전 사진인데 중고나라도 아니고 신세계에서 산거라고 믿겠습니까   순간 사기당한줄 알았어요 안에 닌텐도 박스도 모서리가 무너져있어서 클레임걸까 고민하다가 내용물은 멀쩡해서 참습니다,digital
물론 내용물이 중요하긴해요 그치만 제가 주문해서 선물포장하고 선물하는것이기 때문에 박스 상태도 중요하죠 이런 상태면 선물받는 사람도 저도 좋지 않습니다  이런거보면 누가 어떠한 문제있던걸 반품 시켰나  라는 생각이 들겠죠 그리고 뽁뽁이로 감싸져 있는데 저 상태면 문제가 많은거죠,digital
게임도 하고 운동도 하려고 복싱게임 패키지로 구매했어요    게임팩 패키지로 할인 받아서 좋은 가격에 구매했습니당   다만   너클 그립이랑 같이 판매했으면 더 좋았을거 같다는 아쉬움이   결국 너클 그립을 따로 구매하면서 케이스도 사게되버렸어요   하하   안 좋은 후기도 있지만   저는 배송도 빨리 받았고 박스도 깔끔하게 잘 받았습니다      화면이 확실히 이전 버전보다 커서 보기 좋기도하고 색감도 더 쨍하네요  ,digital
다른 사이트들이 더 싼곳이 많았는데 닌텐도 홈페이지에있는 공식판매점 중에 쓱 닷컴이있길래 믿고 구매했습니다  닌텐도의 가격이 누군가한테는 작은돈일수도있지만   만원 정도가 작은 금액은 아니라고 생각합니다  택배기사님들 고생하는것도  파업도 지지하지만 무리하게 출고되서 그런건지 뭐가어디서부터 잘못된건지 모르겠습니다  전자제품 구매하는 사람들은 다 알지만 박스부터 중요합니다    잘못된점은    택배 겉 갈색 상자부터 구멍이 나있다     그래도 전자제품인데 겉면에 뽁뽁이 한줄 외에는 닌텐도를 보호해줄 만한게,digital
택배사 좀 바꾸시죠   하루만에 와서 좋았는데 포장 상태는 영 아니네요 물건은 다행히 멀쩡해요,digital
다른 곳에서도 제품을 팔고 있었으나 하루뒤 도착 예정이라고 해서 목요일 늦은 밤에 주문했으나 토요일이 아닌 월요일에 도착했네요  이건 요즘 화물차들 요소수 문제로 늦어진 것인지  물류센터에서 출고를 안한 것인지 애매한 부분이긴 하네요  덕분에 기다리돈 아이가 좀 실망하는 눈치였습니다  제품박스에는 생산년월일이나 구매일자나 확인되는 스티커나 스탬프 없이 왔습니다  택배 박스를 열어보니 비닐 포장이 꼼꼼히 된 것이 아니라 그냥 한바퀴 감싸져서 옆 부분은 뚫려있었고 박스 안에서 돌아다면서 충격받을 수 있는 상태,digital
닌텐도 가격이 너무 달라서 여기저기 한참을 찾아봤네요  아후  싼 곳도 많았지만 공식판매처에 믿을만한 곳에서 사고 싶어 쓱 구매했어요  한진택배로 총알같이 배송됐슴다  근데 액정필름은 스위치용도 들어있어요  그건 쓸일도 없는데 걍       장 들어 있었음 얼마나 좋았을까요  흐흐 아까우니 잘라서 써야겠어요   게임 몇개 다운 받아서 해보니 생각보다 잼써서 잘 하고 있어요  아늬 닌텐도 얘도 휴대폰처럼 살게 차암 많네용  허리가 휜다아  ,digital
아이들이 사은품으로 받은 동물의숲 돗자리 너무 이쁘다고 난리네요 당장 소풍가자고 좋아합니다  스위치도 잘 작동해요,digital
 닌텐도      화이트 구매 후기   이런 사람 구매 하세요      간단하게 가족이나 연인과 게임을 즐기고 싶은 분 대부분 게임이 어렵지 않아 남녀노소 누구나 즐길 수 있을 정도    이동이 잦아 휴대용 게임기 필요하신분  전작보디 크고 선명해진 디스플레이  기존    인치               인치         집안 인테리어 기능이 필요한 게임이가 필요하신분 세련된 화이트 색상 출시로 집안 어디어 두어도 어색하지 않음   전작과의 차이    크고 선명해진 디스플레이  기존    인치               인,digital
돌물의숲 돗자리들고 캠핑가니깐 아이들이 너무 좋아해요,digital
아이들 선물로는 이것만한게 없는것 같아요 별의커비를 가장 많이해요,digital
감사합니다 잘쓸께요   ,digital
배송 빠르고 상품 너무 맘에 듭니다  필름지 붙이고 사용 하고 있어요  ,digital
배송도 빨랐고 안전하게 왔어요  요즘 재미나게 하고 있습니다  감사합니다 ,digital
국민카드 청구할인받아서 저렴하게 구매했어요  배송도 빠르고 좋습니다 ,digital
애들 크리스마스 선물로 샀었는데 이제야 후기를 남기네요  배송이 오래 걸렸지만 이상없는 제품으로 잘 받아서 크리스마스 선물 성공했어여 ,digital
출고도 빠르고 제품도 문제 없이 잘받앗습니다 부품이랑 본체모두 정상작동 하고 안 좋은 점이 없습니다 게임타이틀도 잘왓고 게임 타이틀도 정상작동합니다 제품이야 워낙좋습니다 화면도 워낙커지고 몰입도도 더 뛰어난것 같습니다 화면외엔 스팩상으로 달라진 점이 없지만 그화면 사이즈와 화질이 게임의 몰입도에 크게 영향을 미치는것 같습니다 예전에 닌텐도 초기때 구매후 별감흥을 못느끼고 팔앗는데 이번엔 좀더 재미잇게 플레이하고 잇습니다 아직 몇일 사용을 안해서 저는 조이콘 쏠림이나 별다른 고질병은 느끼지,digital
재고 관리도 안되는 최악의 업체입니다  심지어     자회사인데    에서도 알면서도 모른척하네요  재고 관리가 되지 않기 때문에 당일배송 문구만보고 주문하면 저처럼 고생하실 수 있습니다  백화점몰이라고 해서 믿고 선물로 주문했다고 생일 지나고 받아서 고생했네요  주문하실 분은 리뷰 및     글 꼭 확인하고 주문하세요  주문 취소는 기본이고  보내는 것도 자기 마음대로입니다 ,digital
정말재밌어요 침대에 누워서하니 시간가는줄 모르겠어요,digital
아이가 매우 기뻐하니 나도 좋소    케이스에 스크래치가 있지만 아이 눈엔 그런건 시덥지 않다오  화면이 큼직하니 좋구료   감사하오,digital
오프매장과 동일한 가격이지만 케이스와 보호필름 포함이어서 좋아요  잘받았습니다  매트도 선물로 보내 주셨네요  아들이 너무 좋아함니다 ,digital
고민하다 구매했어요  게임 좋아하는 신랑한테 설득 당해서 샀어요     저도 해보니 재밌네요 ,digital
  카드 청구 할인 이용해서 구매했습니다 물건 잘 받았습니다,digital
제품은 괜찮아요  그런데 배송이 엄  청 오래걸렸어요  참고하세요,digital
기본 모델만 사고 싶었는데 뒤늦게 알아서 마지못해 패키지로 샀는데 칩 팔면 얼추 비슷한거 같아서 그냥 구매했습니다   기본할인에 청구할인도 있어서 저렴하긴 하더라구요 배송도 하루만에 오고 제품도 하자 없는것 같아요  다만 팬돌아가면서 기계부품 특유의 냄새가 나네요 동디션 쓸땐 그러지 않았던거 같은데 계속 쓰다보면 냄새 빠질것 같긴 합니다   확실히 화면도 전모델에 비해 시원시원하니 체감이 엄청 됩니다  사운드는 좋은건 아니지만 전모델에 비해 큰거 같구요 게임 열심히 할 일만 남았네요  많이 파세요  ,digital
택배  포장이 부실하다는 주변 우려와는 달리 안전하게 배송 받았습니다  이틀정도 걸렸는데 속도는 준수한 편입니다  배송관련  함께 구매하는 소프트가 따로 배송이 되는 것 같아서  합배를 요청했습니다  전화 상담원 분께서 친절히 응해주셨고  정확하게 합배로 받았네요  아쉬운 점은  묶음배송이 가능했던 상품들임에도 최초에 각각 배송이 잡혀서 택배비가 들었다는 겁니다  상품  스위치는 신형으로 처음 구매하게 되었습니다  흔히들 말하는 인질 상품이었으나  마침 필요했던 소프트 구성이라 고민없이 샀네요  물건을 받아보니,digital
배송이 일주일인가   나 오래 걸리긴 했는데 싸게 사서 좋네요,digital
선물했는데 너무 좋아하더라구요     가 확실히 화질도 좋네요,digital
좋아요 스위치 굳    ,digital
배송에 약간 문제있었지만 상품은 좋아요 만족합니다,digital
실행하는 기기에는 아직 이상이 없어 보이나 상자에 파손이 되어 있는 상태로 기분 좋게 언박싱하려다가 기분이 안 아 졌습니다 ,digital
배송은 조금 느리긴 합니다   이미 배송 후기를 봐서 마음 비우고 기다렸더니 오네요   살짝 기대를 해서 기다리는게 조  금 힘들었지만 뭐 그래도  일 정도는 뭐   잼있게 잘 놀고 있습니다,digital
배송은  일 걸림 배송조회가 안되서 다들 답답하신거 같아서 큐앤에이 적고 그런거같습니다 아무래도 성인보다 아이를 위해 사다보니 더 민감한거같아요 이문제는 신세계에서 해결해야 할꺼같습니다 제품 문제 없고 재미있게 플레이중입니다,digital
택배 박스가 다 뜯어져서 왔어여 내용물 분실 됐어여 같이 주문한 타이틀이 안들어 있어여   ,digital
배송이 빨랐어요  충격 흡수하는 포장재가 좀 허술한 것 같아요  다행히 기기 자체는 문제가 없습니다 애들이 너무 좋아하네요  ,digital
저렴하게 좋은 제품 구입했네요,digital
항상 애용하고 있어요,digital
아이들이 정말 좋아해요 귀여운 게임이 많아서 좋아요,digital
할인하여 구매해서 만족하며 배송도 빠릅니다 ,digital
저렴한 가격에 잘 구매하였습니다,digital
감사합니다 감사합니다,digital
어른아이 모두 잼있게 사용하고있어요,digital
재미있게 하고 있어요  ,digital
배송도빠르고좋네요 안전포장해서 왔습니다,digital
격리생활의 필수품이죠    예전엔 없어서 웃돈주고도 못구했다던데   요즘엔 그런 불편은 없더라구요  식구들과 즐겁게 게임하고 있습니다 ,digital
상품이미지 닌텐도            오후 시이전 주문 당일출고  닌텐도 스위치       모델 화이트  옵션 택   닌텐도 스위치      모델 화이트  마리오카트  디럭스,digital
빠른 배송 좋았습니다  근데 박스가 파손되는 부분있었네요   뽁뽁이가 넣었는데 그래도 안쪽에는 부셔진 부분있었어요 그리고 원래 도장 안찍어주나요 ,digital
아이들이 너무좋아하네요 저렴하게칩이랑구입했네요 타사보다저렴하게죠  좀비싸긴해요,digital
배송이 너무 늦어요 급하게 주문하시는 분은 다른 곳에서 주문하시길  ,digital
저렴한 가격에     로 잘 갈아탔습니다    휴대용으로 쓰신다면 갈아탈 가치는 있어요 ,digital
택배사 파업으로 걱정했는데 다행이 너무 늦지 않게 도착 했습니다  아들 선물인데 너무 좋네요 오자마자 보호필름 깨끗히 붙여서 게임 시작입니다  케이스도 완전 맘에 드네요,digital
배송이 느리고 포장을 정말 성의없이 합니다  전자제품인데도 불구하고 뽁뽁이 한번감아서 턱없이 큰 상자에 넣어서 보내줍니다  다행히 배송기사님이 안전히 잘 배송해주었지만 좀 그렇네요,digital
빠른 배송은 아니었지만 상품은 좋습니다  번창하세요,digital
저렴해서 살까말까 하던제품 구매했는데 좋네요   연결해서                 했는데 운동 잘되고 좋아요 ,digital
아이 크리스마스 선물로 구입했어요 가격도 저렴하고 다른분들 리뷰에 박스 파손이 걱정되었는데 너무 안전하고 깔끔하게 잘 왔네요  ,digital
최고예요 ,digital
최고예요 ,digital
최고예요 ,digital
할인가에 잘 구매하였습니다  상품도 빠르게 받아보았네요 ,digital
최고예요 ,digital
최고예요 ,digital
최고예요 ,digital
최고예요 ,digital
빠르게 잘 받았습니다  총알배송 ,digital
배송 진짜 빨라요 잘 받았습니다 너무 좋네요,digital
포장도 잘 되어서 보내주고 배송도 빨라요,digital
최고예요 최고예요 최고예,digital
빠른 배송으로 잘 받았습니다  아이들이 너무 좋아해서 뿌듯하네요  ,digital
최고예요 ,digital
배송이 빨랐고  안전하게 잘 포장돼서 왔습니다  선물로 줬는데 받은 친구가 매우 기뻐했습니다 ,digital
재미있어요   화이트라 때탈걱정은 들지만   아이들과 재밌게 게임하고있습니다,digital
아이가 너무 좋아해요  받자마자 게임 시작하네요  좀더 일찍 사줄껄그랬나봐요 ,digital
좋아요 좋아요 좋아요 좋아요 좋아요 좋아요 좋아요 좋아요 ,digital
와우   사기 힘들다고 했었는데 조금 할인된 가격으로 사게 되어 좋았습니다 ,digital
한진택배는 정말 선호하지 않는데   그래도 받긴받았어요  ,digital
배송도 빠르고 화질도 좋네용 무엇보다 아이가 좋아해여,digital
정상제품 잘 받았어요 아이들 잘 쓰고 있어요 ,digital
배송 빠르고 구성품 이상없이 잘 작동합니다 ,digital
 세대를 기다린지  년만에 물량이 풀려서 인지 정가에 구매할 수 있어서 바로 구매했네요  사용해보니  세대와 비교될 정도로 단단하고 진동도 버튼도 모두 잘 작동하고 블루투스 연결도 잘 되네요 ,digital
고가의 게임패드 이런거 필요없습니다 걍 이게 짱입니다,digital
배송도 빠르고 제품 만족합니다 디자인 이쁘네요 추천합니다,digital
새것 치곤 먼지도 많고 흠집도 많긴한데    스티커는 미개봉이라서 참   그냥 품질관리자 제대로 안되는건지    여튼 작동은 잘 합니다 ,digital
구하기 어려웠는데 다행하게도 품절 전에 구매했어요 그것도 할인과 포인트 덕분에 싸게 사서 더 기분좋네요 그립감이 끝내줍니다,digital
처음에 화이트가 아니라 고민하다 품절떠서 좀 기다렸습니다  잘 안쓰긴한데 십자키가  세대보단 좋아진거 같아요 ,digital
진짜최고의조이스틱임,digital
별이 개고맙습니다 싸랑합니다,digital
싸게 잘 구매했습니다  묵직하니 그립감 좋아요 ,digital
잘 구매하였습니다  좋네요  ,digital
잘 받았어요  손에 착 감기는 느낌이 좋네요  잘 작동합니다 ,digital
 년전에 스템게임을 시작하면서 키보드와 마우스가 아닌  컨트롤러 지원 게임들을 다수 구매하고 소장하게 되면서 저렴한 컨트롤러에 만족하지 못하고  세대 사용중이었는데   년을 넘기면서 점점 트리거 문제와 버튼찢어짐으로써 알리에서 부품을 구해서 자가 수리하면서 사용하다가      컨트롤러  세대는      이기에 구매해서 사용하기로 맘먹고 모든 오프라인에 전화하고 온라인을 찾아헤멘지  년째    터무니 없이 높은 가격으로 되팔럼 하는 수입업자나 중고사이트의 갑질을 참고 견디며 살망을 머금고  세대로 만,digital
 년전에 스템게임을 시작하면서 키보드와 마우스가 아닌  컨트롤러 지원 게임들을 다수 구매하고 소장하게 되면서 저렴한 컨트롤러에 만족하지 못하고  세대 사용중이었는데   년을 넘기면서 점점 트리거 문제와 버튼찢어짐으로써 알리에서 부품을 구해서 자가 수리하면서 사용하다가      컨트롤러  세대는      이기에 구매해서 사용하기로 맘먹고 모든 오프라인에 전화하고 온라인을 찾아헤멘지  년째    터무니 없이 높은 가격으로 되팔럼 하는 수입업자나 중고사이트의 갑질을 참고 견디며 살망을 머금고  세대로 만,digital
엑박 패드가 의례 그렇듯 퀄리티는 좋습니다  다만 블루투스로 연결할 경우  상당히 여러 가지를 문제가 발생합니다  첫째  무작위 게임에서 무작위적인 상황에서 키맵핑과 다르게 버튼이 오작동합니다  같은 게임이라도 어떨 때는 제대로 작동하고  어떨 때는 제대로 작동하지 않습니다  저 같은 경우는 포르자 호라이즌 가 그랬습니다  둘째  앞서와 같은 상황이 발생한 경우 조작감과 반응성이 이상해지고 키가 스킵되는 현상 또한 벌어집니다  최신 펌웨어 업데이트를 비롯해 별 방법을 다 써봤지만  이 문제를 해결할 수,digital
  에서 사용하기에 이만한 게임패드가 없죠  요즘 구히기 힘든데 정가로 올라와서 구입했습니다  스마일클럽 쿠폰으로 조금 저렴하게 구입 할 수 있었구요  배송도 아주 안전하게 포장되어 잘 왔고 아무 문제 없이 작동 잘 되네요 ,digital
듀얼센스보다 조금 작고 가볍습니다만 충전식 배터리가 아니라   건전지  개가 들어갑니다  그래도 가볍습니다  진동은 듀센보다 단순합니다  이게 비싸게 팔리는 이유는   에서도 지원하기 때문에 수요가 많아서입니다  충전식 배 터리 추가하고 리시버까지 더하면   만원이 넘습니다  터무니 없는 유통 상황입니다 ,digital
제품 배송 모두 만족,digital
 개 구매했는데   개 패키지 뒷면이 좀 찌그러져 와서 조금 속상하긴 합니다만  저렴하게 구매해서 전반적으로 만족합니다 ,digital
패키지가 조금 찌그러져서 왔지만  제품엔 문제 없습니다  구버젼보다 그립감이 더 좋아요,digital
지인 선물해 줬는데 게임이 훨씬 재밌다네요 왜 인기 많은지 알겠어요,digital
 세대를 기다린지  년만에 물량이 풀려서 인지 정가에 구매할 수 있어서 바로 구매했네요  사용해보니  세대와 비교될 정도로 단단하고 진동도 버튼도 모두 잘 작동하고 블루투스 연결도 잘 되네요 ,digital
좋네요 빨리오고 나름 저렴하게 샀습니다  안드로이드 게임은 전부 블투연결되는줄 알았더니 아니었어요    그래서 그냥 피시용으로 씁니다  패드는 역시 액박패드가 갑 ,digital
손에 넣기 너무 힘든 고귀한 패드인데 배송도 빠르고 너무 만족스럽네요,digital
배송도 빠르고 이상없네요 잘구입한거같습니다,digital
배송 빠르고 다른곳보다 저렴히 구매했어요  구형대비 그립감좋습니다,digital
좋은 제품   은 가격에 사서 좋아요,digital
잘받았습니다 감사합니다 ,digital
잘받았어요 배송빠르고좋아요,digital
잘 받았습니다  빠른배송 감사합니다 ,digital
할인받으면 조금 싸네요,digital
아직 게임기는 없지만 미리 사봤어요 다른 사이트보다 저렴하게 잘 샀습니다,digital
배송 빠르고 제품 잘 왔어요  ,digital
감사합니다 잘쓸께요,digital
배송빠르고 제품도 너무 좋습니다 ,digital
아이가 사용하기 좋다고 합니다  포장 배송상태는 만족하구요  사고나니 바로 품절이네요  구하기 힘든걸 행운이엿나봐요 ,digital
빠르게 잘 받았습니다 에어캡도 엄청 튼튼한걸로 포장되있어서 좋네요,digital
배송 빠르고 제품도 이상없이 좋았습니다  커버 착용하고 화이트같이 사용하고 있어요 ,digital
요즘은 이제 물건이 좀풀리나봅니다 배송빠르게잘받았습니다,digital
배송도 빠르고 패드 상태도 좋았습니다  유선 연결시는 괜찮은데 무선 연결시 일부게임에서 키 매핑이 바뀌는건 이상하지만    전체적으로 사용감은 좋네요 ,digital
 세대와 유사하지만 그립감이나 사이즈가 작아진 점은 좋네요  빠른 배송 칭찬합니다 ,digital
좋아요 콘트롤러가 하나밖에 없어서 하나더 구매했어요  포장 이상 없고 집에는 흰색이 있었는데 카본 블랙도 이쁘네요 ,digital
정말 요즘 컨트롤러 품귀현상이 너무 심해서 전전긍긍했는데 쓱에서 정말 저렴하고 빠르게 구입했습니다,digital
배송도 빠르고 저렴하고 좋습니다   ,digital
배송이 정말 빠르고 좋습니다 ,digital
정말 만족합니다 다음엔 레드로 구입하고 싶네요 ,digital
좋아요 저렴하게 샀습니다,digital
좋아요 구매 잘 했습니다,digital
잘받았습니다 감사합니다 ,digital
포장굿 배송굿 다좋네요,digital
깔끔하게 배송되어서 만족합니다,digital
착한가격에 잘 구매했습니다 ,digital
좋아요 추천합니다 배송도 빠르고 가격도 저렴합니다,digital
배송빠르고 제품도 좋습니다 ,digital
배송도 빠르고 제품도 좋습니다,digital
배송 빠르고 안전 포장 좋아요  ,digital
빠른 배송 감사합니다 수고하세요,digital
배송도 빠르고 좋습니다,digital
구하기 힘든물건 덕분에 구매 잘했어요 감사합니다,digital
잘 받았습니다  ,digital
남자친구 선물로 사줬는데 좋아하네요,digital
작동 잘 합니다  만족해요 ,digital
빠르게 잘 도착했습니다 감사합니다  ,digital
배송이 빠르고 좋네요 ,digital
배송 빠르고 문제 없는 제품 받았습니다 ,digital
괜찮아요  좋습니다 ,digital
좋습니다 튼튼하고 좋아요,digital
좋습니다 튼튼하고 좋아요,digital
좋습니다 튼튼하고 좋아요,digital
좋습니다 튼튼하고 좋아요,digital
좋습니다 튼튼하고 좋아요,digital
작동 잘 합니다  만족해요 ,digital
별이 개 고맙습니다 사랑합니다,digital
어렵게 주문해서 새로 사서 쓰고있는데 쓸만해요,digital
좋어요 많이 파세요,digital
좋은 가격 빠른 배송입니다 ,digital
빠르고안전한배송만족합니다,digital
잘쓸께요  감사합니다 ,digital
역시 게임 패드 중 품질이 제일 우수합니다 ,digital
좋아요  ,digital
     좋습니다 좋아요,digital
별이 개 고맙습니다 사랑합니다,digital
빠른배송에 정품을 정가에 살수있어서 너무 좋았습니다  감사합니다 ,digital
 세대 컨트롤러가 확실히 좋습니다    에도 엑박에도 유용하네요 ,digital
배송 빠르게 왔고 제품 이상 없이 잘 작동 하네요  만족스럽습니다 ,digital
배송 빨라요  요즘 엑박 패드 구입하기 힘든데 잘 구입한 것 같아요  최고,digital
가격 좋게 잘 구매했습니다  ,digital
배송 빠르고 아주 맘에 듭니다   ,digital
최고예요 ,digital
최고예요 ,digital
좋은 제품 좋은 가격입니다 ,digital
소드 스토리 추가 위해 구입  좋아요    다웃 받을 때 조금 헤맸지만 즐겁게 게임 업뎃해서 합니다,digital
찾았네요 감사합니다,digital
상품권 속도 빨라요,digital
좋아요 아이가 좋아해요,digital
닌텐도 온라인 연장할때 마다 구입해요  금액 딱 적당하고  메일도 빠르게 오고 좋아요 ,digital
배송도 빠르고 제품포장도 잘되어있고 제품도 좋습니다   ,digital
좋아유 잘 썼어요   만원 한도 꽉채움,digital
코드 오는거 빨라요  닌텐도 계정 로그인 되어 있으면 코드 입력하는 시간 없어도 바로 잔액 충전되는게 너무 편해서 여기서면 사게 되네요  ,digital
     닌텐도 계정이 한개라면 모를까 타국가 계정으로 여러개 사용하시는 분이라면 불편해도 닌텐도 홈페이지에서 구매하세요  저 처럼 이메일을 다른 타국계정에 연동된 이메일로 잘못입력했다가는    돈 날립니다         ,digital
주말에도 총알배송 굿    쓱 마이페이지 링크 클릭후 닌텐도 계정 접속하니 바로 등록되네요    진여신전쟁     구매하러 고고   ,digital
빠른처리 굳굳 매우좋아요,digital
사용하기 정말 편리하네요  매번 닌텐도사이트 들어가서 했었는데 여기서하니 더 간단해요  다음에 또 이용하겠습니다 ,digital
항상 잘 쓰고 있습니다 ,digital
급하게 충전할 때 유용하게 썼어요,digital
간편하고 좋네요 구뜨,digital
조금 싼가격에 구매해서 좋았어요,digital
매어 좋아요 만족합니다,digital
자주 구매하는 상품,digital
싸게 잘 산 것 같아요    ,digital
아들 사주었더니 좋아하네요 ,digital
소드 스토리 추가 위해 구입  좋아요    다웃 받을 때 조금 헤맸지만 즐겁게 게임 업뎃해서 합니다,digital
두 장 구매 했는데  매우 빠릅니다 ,digital
신랑이 좋아해요 마음에 듭니다,digital
간편하고 빠르고 너무 좋았습니다 ,digital
바로 받아서 쓸 수 있어서 좋았어요  ,digital
편리하게 구매할 수 있어서 좋네요,digital
필요할때마다 구매합니다 ,digital
아주 좋으습니다 굿,digital
아들 죠죠 산대여 충천해줬어요,digital
다운사서 등록잘 했스빈다,digital
두 장 구매 했는데  매우 빠릅니다 ,digital
최고예요 ,digital
최고예요 ,digital
최고예요 ,digital
잘 구매했어요   아이가 좋아해요 ,digital
진짜 발송 넘넘 빨라용     ,digital
잘 포장되어 왔음 상태도 깨보면 특별히 나쁘지않음,digital
편리해서 좋았습니다      ,digital
편하게 사용할 수 있어서 좋아요,digital
남편이 부탁해서 구매해줬어요  잘됩니다 ,digital
최고예요 ,digital
믿음직한 이마트에서 구매했어요,digital
아이가 좋아하네요 ,digital
구매후 바로 사용이 가능해서 좋습니다 ,digital
빠른 구매처리 감사합니다 ,digital
결제 후 바로 번호를 받아 사용 할 수 있어서 좋아요 ,digital
쓱닷컴에서도 닌텐도스위치 선불권및 다운로드를 구매할수 있어 편합니다 ,digital
살짝 할인 받아서 구매했어요 바로 이용할 수 있어 좋네요  ,digital
저렴하고 좋아요  감사합니다 ,digital
포켓몬 구매용으로 잘 섰습니다,digital
신랑이 해달라해서 구매,digital
최고예요 ,digital
최고예요 ,digital
최고예요 ,digital
최고예요 ,digital
게임할인해서 질러요 ,digital
바로 다운로드 받아서 사용가능하니 편하고 좋아요,digital
바로사용 할수 있어 좋내요,digital
신속하게 받아서 쓸수있었어요,digital
좋아요 감사합니다 ,digital
좋아요 잘받았습니다,digital
게임구매하기 편리해요 ,digital
신세계몰에서 쉽게 구입할 수 있어서 좋아요,digital
좋아요  잘썼습니다 ,digital
빠르게 잘 받았습니다 ,digital
아이가 필요하다해서 구매,digital
닌텐도 선불카드 싸게 잘구매했습니다,digital
여기서 바로 금액 충전되서 너무 편해요 ,digital
상품 배송 모두 만족합니다,digital
좋아요 할인쿠폰 써서 잘씀,digital
좋아요 잘받았습니다,digital
이미 사용했다고 나옵니다  환불 해주세요 ,digital
감사합니다 잘받았습니다,digital
매번쓰지만 편하고 좋습니다,digital
아들 선물 했는디 좋아오,digital
여기가 제일싸서 필요시 구매중입니다,digital
좋아요  감사합니다 ,digital
이용하기 좀 번거롭네요,digital
간편하게 사용가능해서 좋습니다,digital
좋아요 만족합니다    ,digital
배송조 빠르고 저렴하게 잘 구매 했습니다 ,digital
등록번호도 안뜨고는 이미사용했다고   환불해주세요,digital
항상 여기서 사요   여기가 제일 구매하기 편하더라구요,digital
닌텐도 선불 상품권   아이선물 구매합니다  자주 이벤트해주세요 ,digital
    역시 배송도 빠르고 품질도 좋아요  계속 이용하고 싶어요 ,digital
늘 편이점 어서 해매였는데 여기서 사서 바로 충전해서 너무좋아요,digital
아들에게 선물로 캐릭터 사주려고 구매했네요  사용하는 방법이 조금 어려워서 고생좀 했네요   ,digital
시간에 상관없이 다운로드코드를 받아 사용하면 돼서 편리합니다 ,digital
사용 못하였는데 이미 사용되었다 뜹니다 환불부탁려요,digital
항상 닌텐도 선불카드는 여기서 사는데 행사도하고 포인트도있고해서 저렴하게 구매 잘했어요  다른곳보다 여기가 싸서 너무좋아요 ,digital
두 아들녀석이 조르고 졸라서 이번에 구입했어요    무지무지 좋아해서 늦게 사준게 도리어 미안할 정도네요   ,digital
아이가 매우 만족해해요,digital
아이들이 좋아하네요,digital
아이 선물로 샀어요  좋아하빈다,digital
아이들이 정말 재미있어하고 좋아해요   ,digital
상품 빠르게 받았네요  동숲 카트리지가 필요했는데 좋은 가격에 잘 구매했습니다 ,digital
빨리 배송해주셔서 감사합니다  예전에 했던건데     다시해도 재밌어요   ,digital
마리오카트 지겨워해서 마리오카트 다음으로 인기라는 모동숲으로 주문해봤어요  아이들은 오자마자 누가 알려주지 않아도 척척 잘하네요  모동숲 정말 재밌어합니다  게임은 주말만허용해서 아이들이 주말만 기다려요,digital
그저 리뷰수가 많아서 안전하다고 생각하고 확인을 안 한 제 잘못이 큽니다      자체가 느린 것 같긴 한데 배송까지 걸리는 시간이 좀 많이 걸립니다  출발했다고 송장번호를 찍어버려서 환불이나 취소도 못하고 인질로 잡혀버린분들의 곡소리가 리뷰 곳곳 가득하군요  ,digital
하     열심히  는데 옆에 화살표 잘못 눌러서 다지워 졌네요    그냥 재미있게 할게요,digital
두 아들녀석이 조르고 졸라서 이번에 구입했어요    무지무지 좋아해서 늦게 사준게 도리어 미안할 정도네요   ,digital
빠르게 잘 받았어요  무엇보다 여러 할인 쿠폰등으로 인해 저렴하게 잘 구매했어요  아이들이 아주 빠져 사네요   지난번 상품 받은 리뷰로 받은 슥머니와 여러 등급 쿠폰 청구할인 이벤트로 매우 저렴하게 구입할 수 있어 좋았습니다  배송은 생각보다 늦은 출발을 했지만 게임기도 같은 날에와서 시기 적절했습니다  그럼 된거죠 뭐    상품은 칩에 비해 굉장히 큰 플라스틱 케이스에 들어 있어요 실제 게임팩은 엄지 손가락  정도의 크기입니다  게임에 대한 설명등을 안내하는 설명서가 있으면 어떨까 하는데 컨셉이라서인지 그런,digital
정말 재밌어요 아기자기한 그래픽도 넘나 맘에 들구요 아이들이 무트코인 한다고 난리네요 아이들이 어릴때 부터 주식 공부가 되어서 만족하고 있습니다  얼마나 재밌는지 아이들이 밥도 안 먹고 할 정도의 명작입니다  역시 국민게임 좋은 가격 좋은 제품 감사합니다 ,digital
완전 좋아요 제품 최고입니다 더사야겠어요 제품도 깔끔하게 포장 잘되어있고 게임팩도 깔끔하게 잘왔습니다 매번 가족이랑 같이 게임하는데 티비도연결이 가능해서 재미있게 게임이 가능합니다  사길 잘한것 같아요  손님들도 오면 게임 같이 할수 있도록 되어있어서 정말 맘에 듭니다  게임도 여러가지를 살수가 있으니 닌텐도 스위치하나면 여러게임들을 다양하게 경험해볼수가있습니다  게임팩도 모으는 재미가 있으니 온라인에서 뿐만아니라 팩책장을 만들어서 팩도 사는것 도 좋을 것같아요 좋은겜 경험하게 해줘서 감사합니다 제품,digital
여자아이와 엄마가 함께 하기 좋은 게임이에요    친정에서 아이들이 칩 바꿔놀다 동숲 칩을 잃어버려 두 번째 구매한 겁니다  같은 걸 재구매할만큼 딸아이랑 할 게임은 이거 말고는 아는 게 없네요  하다보면 내가 뭐하는 짓이지    하고 현실로 돌아오곤 합니다  킬링 타임용으로 좋습니다 ,digital
별이  개 고맙습니다 사랑합니다,digital
두 개 구매해서 잘 사용하고 있습니다  시간가는 줄 모르고 딸아이와 나란히 놀고 있어요      에 잘 인식되고 좋아요 ,digital
생일선물로 구입했어요 배송도 빨라서 원하는 날짜보다 미리 받을수있었습니다  무엇보다도 아이가 원하던 상품이라 너무 좋아하네요 ,digital
  일 주문   일 배송 그마저도 포장도 제대로 안하고 플라스틱 다 부서진 상태로 도착 비닐도 찍혀서 찢어져 있고 배송지로 선물했는데 정말 기가 찹니다 일부러 신세계몰에서 구매했는데 상담원 태도는 업체와 확인만 여러번   왜이리 매끄럽지 못하나요 이걸로 며칠을 스트레스 받아야하다니 화가 나네요 쿠팡에서 살껄   뒷처리와 고객응대 대응 매우 실망입니다,digital
너무 하고 싶었던 게임 이었는데 다른곳 보다 저렴 해서 구매 하게 되었습니다 받자마자 잘 사용하고 있습니다,digital
입고되자마자 샀어요   일단 빚은 플레이  시간만에 다갚아갑니다  아 너무 재밌어요  그리고 모동숲전에 튀동숲했었는데 그때보다 화면도 너무 이쁘고  벚꽃날리는게 아름다워서 벚꽃놀이 안가도 되겠어요  그리고 좀 달라진점이 있다면  집이 아닌 외부에도 가구를 설치할수가 있고  컨셉이 비행기타고 무인도 입국  그리고 여권도 있고요  좀더 디테일이 많아졌습니다  아직플레이를 많이 안해서 그렇지만 일단은 이정도 변화는 느껴지네요  어쨌든  배송은 주문하고 다음날 출발했고요 택배는 한진택배를 이용합니다  대란인데 생,digital
빨리주문받려고 쓱배송 했습니다  아이가 넘 좋아해요,digital
좋아요 좋아요 좋아요 좋아요 좋아요 좋아요 좋아요 좋아요 ,digital
친구한테 선물했는데 너무 만족하네요 하루종일 이것만 하고 있음  ,digital
아이들이 정말 좋아해요   ,digital
잘받았습니다 감사합니다,digital
동숲을 왜 사람들이 좋아하는지 알 수 있었어요 거기에 추가로 지금 구매하면 닌텐도 이샵에서 사용할 수 있는 머니도      원이나 제공하니 고민하지 말고 지르세요    제가 스타듀벨리랑 마인크도 해봤는데 동숲은 이 두가지 게임과는 결이 다른 방향이더라구요 스타듀벨리 같은 경우는 귀농체험이라 농사위주 로 흘러가고 거기에 추가로 플러스알파 즉 결혼이 나 기타 부가활동이 더해지는 느낌이구요 마인크 같은 경우는 더 설명할 필요가 있나 싶긴 하지만 기본적인 게임 방식 자체가 놀이터에 있는 모래사장에서 노는것과 같은,digital
남자친구랑 하려고 샀어요  카드할인받아서  만몇백원에 샀어요  구매 후 배송됐다는데 조회가 안돼서 운송장만 뽑아놨나 싶었고    보니까 막  주넘게 못받은 분들도 있어서 불안초조했어유    근데 다행히 저는 저번주 금요일에 주문하고 오늘 받았어요  저렴한 가격 배송도 이정도면 넴 좋아요 재밌게 게임할게요 ,digital
최고예요 ,digital
최고예요 ,digital
좋아요    네 알겠습니다,digital
빠른배송 좋아요 ,digital
재밌게 게임하고 있어요,digital
잘 샀어요  근데 본체가 아직 안왔어요   ,digital
배송이 빠르네요  ,digital
배송도 빠르고 좋아요  아이들이 좋아합니다,digital
배송 빠르게 잘 받았습니다 게임 재밌어요    ,digital
배송 빠르게 잘 왔습니다  재밌게 할게요,digital
아이 선물로 잘 줬어요,digital
자주 구매해요   ,digital
일단 타이틀 먼저 구매한건데 어제 갑자기 스위치를 사게되어서 타이틀 오기만을 기다리는 상황이였는데 타이틀이 발송은 됐는데 배송조회해도 이동된게 없어서 토요일에 못오고 월요일에 올줄알고 체념했는데 감사하게도 토요일 오전에 배송와서 너무너무 기분이 좋습니다    발송도 빠르고 배송도 빠르고 너무너무 만족합니다    감사합니다    재밌게할게요    ,digital
닌텐도 선물 받아서 구매했는데 넘 재미있어요,digital
잘 받았습니다  싸게 샀어요,digital
재미있어요 재미있어요,digital
아이가 너무 좋아라합니다,digital
항상 구매하는 제품 입니다,digital
항상 사던거라 믿고 구매해요,digital
조카 선물했는데 너무 좋아하네요,digital
생각보다 안 하네요,digital
좋습니다 최고에요  감사합니다 ,digital
최고예요 ,digital
요새 이거하느라 아침에 일찍일어나는 나를 발견,digital
배송 빠르고  아이들이 좋아하네요,digital
아이가 완전좋아해요  좋아요,digital
조카 선물로 구입했어요 ,digital
엄청 빠르게 받았습니다   ,digital
할인가에 잘사서 잘놀고있어요,digital
배송빠르게 잘 왔어요 ,digital
좋아요재밌게하고있어요,digital
너무너무 재밌어요  ,digital
좋아요 좋아요 좋아요,digital
저렴하게 잘 구매했어요 ,digital
조카생일선물했어요 조카가 너무 좋아해요,digital
오프라인보다 싸게 잘샀습니다 ,digital
빠르게 배송 받았습니다,digital
아이들이 너무 좋아합니다 저렴하게 구매했어요,digital
아이들이 게임을 같이 하고 싶어해서 추가구매 했습니다,digital
모동숲 진짜 재미 최고에요  아기자기 하고 소소해서 시간가는 줄 모르고 즐기고 있어요,digital
일요일 주문 목요일 배송완료 요새치고는 배송이 느린편이긴 한거 같습니다  게임은 재밌어요 ,digital
배송이 엄청 느리네요 화요일에 주문했는데 토요일에 도착이라   ,digital
배송빠르고 물건도 잘 왔습니다,digital
좋아요  재미있어 하네요,digital
너무 너무 재밌어요  중독될 수 있으니 주의하세요  ,digital
선물구입 크리스마스,digital
조카 생일선물 이네요 매번 언제 오는지 물었는데 빠른 배송감사드리며 조카가 너무 좋아 합니다,digital
섬 꾸미는 거랑 주민 노가다 둘 다 너무 재밌었어요  코로나 때문에 밖에 나가기 힘들 때 집에서 시간 때우기 정말 좋아요 힐링도 되고 게임이 아기자기해서 하다보면 기분이 좋아져요  한   시간 정도 플레이했는데 아직 도감을 다 완성 못 해서 화석이랑 채집 도감 다 채울 때까지 계속 타임슬랩하면서 즐길 것 같아요 너무 잘 샀어요 ,digital
배송이 너무너무 느려서 맘고생했어요 그치만  주기다려 받아보니 아이가 너무 좋아하네요 매일 조금씩 집꾸미고 채집하고 팔고 만들고 딸아이가 좋아할 게임이네요 ,digital
예전부터 초딩 아들이 노래를 불러서 생일 선물로 사줄려고 했는데 성화에 못이겨 미리 사줘버렸네요 너무 너무 재밌다면서 게임합니다  안아줬음 어쩔뻔   예전부터 초딩 아들이 노래를 불러서 생일 선물로 사줄려고 했는데 성화에 못이겨 미리 사줘버렸네요 너무 너무 재밌다면서 게임합니다  안아줬음 어쩔뻔   예전부터 초딩 아들이 노래를 불러서 생일 선물로 사줄려고 했는데 성화에 못이겨 미리 사줘버렸네요 너무 너무 재밌다면서 게임합니다  안아줬음 어쩔뻔  ,digital
최고예요 ,digital
아이들이 너무 재밋게 잘 놀아요 ,digital
신랑대신 주문했는데 오프라인보다 저렴하게 잘 구매했네요,digital
배송 빠르고 좋아요,digital
아이 선물 해줬어요,digital
재밌어요 너무너무   ,digital
여기가 젤 저렴해서 샀어요  재밌어요,digital
잘 받았습니다  재미있게 잘할게요,digital
아이들이 너무너무 하고 싶어해서 구입합니디,digital
좋아요 항상 구매하는 제품입니다,digital
믿고사는 동숲입니다,digital
잘 받았습니다   ,digital
주말인데도 배송 잘 받아서 사용중입니다  다만 깨지기 쉬운 물품인테 뽁뽁이 보장 말고 박스에 담아서 보내주면 더 좋겠습니다,digital
듀얼센스 충전 거치대는 필수품입니다 ,digital
오 빠른배송에 저렴한 가격   너무 좋아요 정품이라 믿고 샀습니다,digital
배송 빠르고 충전도 잘 되요 좋은 가격에 잘 샀습니다,digital
깔끔하게 하나로 충전되고 자리 차지도 많이 안해서 좋아요  추천합니다 ,digital
충전이 빠르고 충전이 완료되면 알아서 충전도 멈춰서 좋아요,digital
정품 플스조이스틱 충전기 좋아요 배송도 빠르고  굿굿굿,digital
배송도 빠르고 충전잘되요,digital
싸게 잘 샀고  빠르게 잘 도착했네요,digital
싸게 잘 샀고  빠르게 잘 도착했네요,digital
할인받아서 저렴하게 샀어요,digital
듀얼센스 충전 거치대는 필수품입니다 ,digital
잘받았습니다 제품 에어캡에 포장되어 안전하게 왔네요 배송도 다음날 바로 왔고 플스가 내일 도착 예정이라 아직 사용은 안해봤지만 정품이기에 믿어 의심치 않습니다,digital
사용해보니 플스에는 충전 거치대가 필수예요 듀얼센스 베터리가 생각보다 빨리 달아서 패드 추가 구매 하시면 번갈아 가면서 쉽게 충전하고 사용 가능합니다,digital
충전 잘되고 묵직해서 좋네요,digital
아직 이상은없는데 하자 없기를 바랍니다 디자인은 역시 이쁘네요,digital
박스가 가운데가 그냥 열려있는 상태로      손으로 그냥 꺼내지네요    오늘이나 내일은 플스 도착인데 걱정입니다    ,digital
배송도 빠르고 제품은 소니 정품이라 말할 것도 없이 아주 좋습니다 하지만 충전 케이블은 전용 제품이라 범용성이 떨어지네요,digital
주문 후 다음날 바로 받았습니다 제품박스는 깔끔하고 심플합니다 구성품은 설명서  거치대 본체  충전어댑터   자 충전케이블 전원선으로 구성되어 있습니다  전원연결하고 충전만 하면 되는거라 설명서는 안봤네요 크기도 작고 심플합니다  듀얼센스의 화이트블랙 색상과 같은 색상이라 색의 조화도 괜찮습니다  무게도 좀 있어 묵직해서 듀얼센스를 탈착할때 움직이지 않아 좋습니다 충전하면 듀얼센스 터치패드 양쪽    인디케이터 라인에 주황색 불이 들어옵니다 가장편한건 듀얼센스를 단자에 꼽는방식이 아니라 그냥 얹으면,digital
배송도 빠르고 배송 중 파손되지 않게 포장이 안전하게 되어서 매우 만족합니다,digital
역시 정품이 좋네요       로 충전하면 된다지만요 ,digital
우와   사진에서봤던 것보다 실물로 보니 너무 예쁘네요,digital
구매 할 수 있어서 좋았습니다 ,digital
듀얼센스가 두개라면 필수로 구매해야 할정도로 좋습니나 ,digital
역시 물건은 정품 써야   아주 만족하며 사용중입니다 ,digital
충전거치대를 쓰고나서부터 층잔이 너무 편리해졌어요,digital
포장 꼼꼼하고 배송 확실하고 제품 품질도 좋습니다 ,digital
듀얼센스 정품 충전거치대 구하기 힘들었는데 재입고된거 보고 주문했어요 충전잘되고 좋아요,digital
최고예요 ,digital
좋아요 ,digital
배송도빠르고고 좋네요,digital
정품 좋아요 거치대 편해요,digital
최고예요 ,digital
필요했는데 디자인도 이쁘고 좋아요,digital
아주조아요 맘에들어요 대박입네다,digital
저렴하고 배송빠릅니다,digital
포장    배송 모두 맘에 들어요,digital
좋아요  다음에 또 주문할게요 ,digital
배송이 너무 느려요   일만에 받음  ,digital
좋아요 굿굿 가성비좋아요,digital
빠른 배송 안전배송 감사합니다,digital
아주만족합니다   ,digital
저렴하게 구입했습니다  ,digital
저렴하게 잘 샀어요,digital
충전거치대 너무 좋아요 ,digital
정품 빠른 배송 좋아요,digital
충전거치대는 필수다   ,digital
배송도 빠르고 잘사용하고있어요,digital
정말 편합니다 다른 사제품 구입하지 마시고 정품 추천드려요,digital
여전히 만듬새는 좋구요 배송도 빨랐습니다  택배사가 늦게 갔다줬을뿐   암튼 잘 받았습니다,digital
순정 충전거치대를 운좋게 바로 구입했네요  충전 잘 되고 무엇보다 신랑이 무척 좋아했습니다 ,digital
잘 받았습   많이 파세요,digital
편하게 사용하기 좋아요 ,digital
우와  되게 사기 힘들었는데 싸게 잘 샀네요  많이 파세요 ,digital
    최고의 허니버터칩 주변기기 본체 보다도 더 힘들게 구했습니다  어차피 집에서 저스트뮤직을 하기엔 층간소음이 문제라 카메라도 필요없어 리모컨은 집   성능이 오져서 필요없어 펄스   는 구리다는 소문이 많아서 딱히 안땡겨 유일하게 살만한 주변기기는 이녀석 딱 하나뿐인데 이마저도 무슨 들여오면 허니버터칩 대란때마냥 스르륵 사라져    아니 이리 잘나가는데 왜이리 많이 안만들어요    아무쪼록 충전기 그 이상 이하도 아닌 별거 아닌 아이템이지만 온갖 고생 다해서 너무 힘들게 구했습니다  이 와중에 하땡마트몰은 배,digital
깔끔하고 배송 빨라요,digital
손을 꽂을 필요가 없어서 진짜 편하네요,digital
잘사용하겠습니다  ,digital
할인해서 잘 삿너요,digital
배송 빠름 저렴하게 잘 구입했으,digital
역시 정품이 좋아 충전도 편하고,digital
구하기 힘든 제품 잘 구매합니다 ,digital
배송 아주빠르네요 잘사용하겠습니다,digital
잘 받았습니다 작동도 잘 되네요,digital
빠르게 배송 받았습니다,digital
결제하고 다음날 바로 도착했네요  구하기 힘들었는데 끼워팔기 없이 정가로 구매해서 다행입니다  저렴한 서드파티 제품은 이슈가 있는것으로 알고 있어 정신건강에 이롭게 정품으로 샀네요 ,digital
정직한 쇼핑몰  되팔렘    아니 되파리     들이 판치는 세상에서 이런 정직한 쇼핑몰이 있다는 사실에 감사드립니다  토요일 새벽에 우연히 둘러보다가 판매떠서 바로 구입할 수 있었습니다  배송은 화요일에 받았습니다  여러분 즐거운 게임라이프 보내세요 ,digital
저렴하게 잘 샀고 잘 사용했습니다 ,digital
배송도 빠르고 제품도 만족합니다,digital
잘 사용중입니다  감사합니다,digital
만족합니다 좋아요 굿,digital
정가보다 싸게 구입했어요 배송은 너무 느렸음,digital
저렴하게 잘 구매 하였습니다 ,digital
배송이 빠르고 포장이 꼼꼼합니다 ,digital
빠른배송 아주만족해요,digital
만족스럽습니다 구하기 힘든거라  ,digital
구하기 힘든 물건 입니다  영롱 합니다 ,digital
완전 득탬했습니다 ,digital
이상없이 받았습니다,digital
드디어 구매했습니다  추석전인데도 배송빠르게 잘 왔어요  감사합니다 ,digital
배송이 조금 걸리긴 했는데 포장 잘되서 도착했습니다 ,digital
플스  본체는 구하기가 일단 이거라도,digital
잘받았습니다  이전 플스  보다 훨씬 편해졌네요 소니 이것들 주변기기도 제대로 생산 안해서 알림 설정 해놓고 겨우 구매했네요,digital
게임 않할때 거치해놓으면 충전 되어 있어서 좋아요,digital
감사합니다  잘쓸게요,digital
충전 거치대 잘 쓰고 있어요,digital
잘 구매했어요 배송 빨라요,digital
배송빠르고 좋아요 굿굿,digital
굿입니다 배송이 조금 느렸지만 그래도 굿,digital
정픔 써야 나중에 문제 안생켜요,digital
안전하게 잘 받았습니다 ,digital
일단 잘도착했어요 써보고 후기 남길게요,digital
조이콘 가격자체가 비싸지만 그래도 밋밋한것보다는 디자인이 이쁜게 좋아서 구입을 했는데 실물이 더 이쁘네요  성능이야 말할 것 없이 좋습니다  내구성은 더 지나봐야 알 것 같지만 오래 버텨줬으면 좋겠어요 ,digital
고장나서 구매했습니다  색상이쁘고 좋네요 ,digital
빠르고 안전하게 잘 도착하였습니다 ,digital
늘 사던 제품 입니다,digital
가족끼리 하려고 구매,digital
배송 빨라서 좋았어요  원하던 색이라 마음에 듭니다 ,digital
아이가 원해서 주문하긴 했지만 뭐가 다른지 모르겠어요 ,digital
   커버가 점말 좋네요 그전 실리콘 커버는 자꾸벗겨져서 불편했음,digital
일년에 하나씩은 망가지는듯해요    이마트몰에 항상 있어서 잘 구매하고 있어요,digital
일단 잘도착했어요 써보고 후기 남길게요,digital
좋은가격에 정품이라 물건도 최상이고 배송도 빨랐습니다 ,digital
좋아요 색깔 깔맞춤으로 사길 잘했어요 추천   색이 매우 예쁘게 빠졌급니다 매우 아름다움    ,digital
배송 엄청 빠르고 정품이라 좋네요 카드할인 받아서 싸게 샀어요,digital
배송 빠르고 좋아요 정품이어서 믿고 구매했습니다 색깔 예쁘네요 이제 네가족 닌텐도 할 수 있겠어요,digital
포장 오케이고요 잘 받았습니다  파랑 빨강 클래식이라 주문했는데 다시보니 옛스럽네요 ,digital
살까말까 장바구니에 넣어두고 몇달을 고민만하다가 이번에 쿠폰먹여서 좋은 가격에 구매했어요  실물이 진짜 최고예쁨   쳐다만 봐도 행복해요   상품발송이랑 배송도 빠르고 포장 상태도 흠 잡을 곳 없이 다 좋았습니다 감사합니다,digital
정품 맞는 거죠  상자가 너무 작아 맞게 산 건가 싶었다는   추석명절 전이었는데도 하루만에 배송와서 너무 좋았어요  ,digital
배송빨라서 너무 좋았구요  조카쓰던거 고장나서 선물로 사서 보내줬는데 빠짐없이 받았다네요 사용시에도 이상없길 바라며  ,digital
생각했던 그대로 모습이에요 정품 빠른배송 감사합니다,digital
색깔이 너무 예쁘네요  집에는 검정색과 녹색 핑크가 있거든요  산 지 오래되어서 조이콘이 망가져 새로 샀어요  가격이 좀 사악해서 조심히 써야겠어요 ,digital
정품 맞구요 배송빠르고 안전하게 받음 쿠폰 할인카드 써서 최저가 구입함,digital
잘 움직이니까 너무 좋네요  색깔도 쨍쨍해서 다른거랑 섞여도 금방 잘 찾을 수 있어요  ,digital
 년정도 사용하니 조이스틱이 잘 안 된다고 해서 새로 구입해 주었어요,digital
아이가 꼭 이 색깔 하고 싶다고 고른건데 예쁘고 깔끔해요,digital
세일 받고 하니  마트가서 사는거보다 마니싸져 좋네요 배송도 아주빨랏고 이뻐여 만족합니다 ,digital
조이콘이 너무 약한지 고장이 잘 나요  수리비가 너무 비싸니 그돈으로 새로 샀는데   좀 튼튼했으면 좋겠구만   ,digital
고구마콘 너무 예쁘죠  ,digital
괜찮아요 배송도 빨랐어요,digital
배송 엄청 빠르네요   고구마콘 마음에 듭니다,digital
빠른배송 감사합니다  수고하세요 ,digital
배송 중간에 오배송 되서 제가 확인 안 했으면 못 받을뻔 했어요  택배기사는 오배송 된지도 모름    얼마 안 썼는데 한개 충전이 풀로 잘 안되요  ,digital
배송도 빠르고 물건 상태도 좋습니다    닌텐도 스위치 사용이 더 편리해졌습니다   ,digital
둥이다보니 경쟁이 심하고  인게임은 조이콘 좌우로 나누어 사용해도 가능하나 한세트 더 구매하고 프로콘 처럼 사용하니 좀 더 안정감 있어요 잘 되요  색상은 그닥 중요하진 않고 작동이 잘되니 좋습니다,digital
제품 이상없고 배송도 빠르고 좋네요,digital
편하게 빠르게 포장잘해서받았어요,digital
배송도 엄청 빠르고 정상적으로 잘 작동하네요   ,digital
가족과 함께 하려고 추가 구매했어요 ,digital
잘왔어요 색 예쁘네요 담엔 수박콘은도 사보께요,digital
다같이 놀자 닌텐도 한바퀴 ,digital
아이가 엄청 좋아해요   ,digital
최고예요 ,digital
최고예요 ,digital
생각보다 빨리와서 좋네요,digital
선물로 구매했습니다,digital
산물해 는데 만족합니다 감사합니다,digital
너무 비싸네요 아이때문에 구입이요,digital
좋아요 좋아요 좋아요,digital
색상이 마음에 들어요  아이가 좋아하네요 ,digital
기존 것이 고장이 나서 새로 샀는데 잘 작동하네요 ,digital
최고예요 ,digital
정품 좋아요 배송빨라요,digital
퍼플오렌지 색깔 실물이 훨 예뻐요,digital
굿굿  맘에듭니다   ,digital
빠른 배송 감사합니다 ,digital
배송도 빠르고 좋응,digital
좋습니다 좋습니다 ,digital
좋습니다 좋습니다 ,digital
좋습니다 좋습니다 ,digital
가격대비 만족하고 맘에 드네요 ,digital
조카 선물로 샀어요  ,digital
잘 받았어요 좋아요,digital
인식이 잘되고 좋습니다,digital
색상이 예뻐요  좋아요,digital
아이들이 좋아합니다  악세사리지옥    ,digital
색상 이쁘네요   잘 쓸게요,digital
싸게잘사서좋습니다 많이파세요,digital
좋아요굿좋아요굿좋아요,digital
착한가격 참 좋아요 ,digital
고장 대비용으로 하나 구매했습니다  잘 쓰겠습니다,digital
배송이 로켓배송인듯요 빠르게 어린이날 선물준비,digital
잘 받았습니다  좋은 제품 좋은 가격에 샀네요,digital
구매 잘했습니다 빠른배송은 덤,digital
배송도빠르고 좋아요,digital
배송 빠르고 좋아요,digital
아이들이 많이 다둥이가족이라 추가구매했는데 색상도 이쁘고 저렴하게 잘 샀어요 ,digital
고구마콘 색깔 너무 귀여워요    안전하게 왓습니당   ,digital
선물로 보냈는데  잘받아서 가족 다같이 닌텐도한다네요  맘에 든다니 저도 좋네요 ,digital
파손된 제품 받아서 속상하네요 일찍 확인할껄  크리스마스에 개봉해서 넘 늦게 확인했어요,digital
아이들이랑 같이 게임하려고 한세트 더 구매했어요 컬러 이쁘고 충전그립같이 구매했는데 편하고 좋아요,digital
배송도 빠르고 잘 작동 합니다  ,digital
상품 배송 모두 만족합니다,digital
수박 느낌이 나는 그린 앤 핑쿠로 사서 조카들이 오면  인 플레이나 암즈를 하기 위해 구매 했습니다 아주 좋아용,digital
가격 저렴하고 배송 빠르고 좋아요 ,digital
아주 잘되고 싸게 구매한 편이에요,digital
택배오자마자 얘들이 신났어요 색상예뻐요  작동 잘 되네요 감사합니다,digital
가족들과 함께 하려면 조이콘은 필수죠  확실히 둘보다는 세  셋보다는 넷이 재미있네요    배송도 빨랐고 저는 수박 색상으로 골랐는데 고구마도 깆고 싶네요   튼튼하고 좋아요   ,digital
재밌어해서 좋아요  근데화질좀떨어지는건 칩탓 본체탓 인건지 일반 게임기로했을때는 안깨지는데 텔레비전연결해서 사용하니 좀지직지거린다고해야하나  무튼 좀화질이떨어지는듯해요  그리고 스위치와 마리오팥칩은 일찍택배가왔으나 본체는 일주일넘어서 애가타게 왔네요 취소하고 이마트에서직접구입하려고 갔으나하루더기다려보자하고 기다리고또기다리고기다리고또기다려봤지만 하루지나고또한번더지나고 크리스마스지나서 왔어요 다른칩도사용해봐야알겠지만 마리오파티내용이 실하고알차서좋으네요낚시게임도구매하고싶네요 재,digital
이쁘고 좋아요  다른색상도 있으면 좋을거같아요,digital
아이가 좋아합니다  배송빨라요,digital
배송도 빠르고 포장상태도 좋네요,digital
너무 만족스럽게 운동   중입니다  ,digital
완전 운동 짱  땀 뻘뻘    ,digital
재미도 있고 운동량도 엄청나네요  아들이 하루   분 정도 꾸준히 하더니 팔  다리가 단단해지고 가슴도 펴졌어요  구매하길 잘했어요,digital
택배상자 여니까 포장없이 링피트 패키지만 덩그러니 있네요  보통 게임팩만 있는것들도 뽁뽁이로 싸주시던데  패키지 상품이 망가지거나 장마철인데 비에 젖을수도 있었는데 신경좀 써주세요 ,digital
와    겁나 빨리오네요    ,digital
와 진짜 잘만들었네요  운동할 맛 나요,digital
아직 사용전이지만 잼나게 운동하게 될것같습니다,digital
열심히 하고 싶은데 살빼려고 샀는데 층간소음 생길까봐 못한다는 핑계로 방치중입니다  ,digital
너무 만족합니다  집에서 아이들과 함께 할 수 있어서 좋습니다,digital
배송도 빠르고 포장상태도 좋네요,digital
운동하려고 샀는데 좋아요,digital
선물로 샀는데 좋아해요,digital
아이가 열심히 가지고 운동하네요  ,digital
코로나로 집에서 즐겁게 운동,digital
아들이 운동하고싶다고 사줬는데 너무 좋아합니다 적극추천합니다,digital
재밌고 힘들어요 체력이 부족해서 중간중간 아들과 바꾸면서 했어요,digital
아이의 만족도 최상입니다  무엇보다 집에서 운동을 할 수 있어 좋습니다 ,digital
가족들과 같이 하기 좋고 미니게임도 알참 다만 허리요통 환자는 조심히,digital
체격에 맞게 등록해서 딸아이랑 잘 하고 있어요 운동도 되고 재미도 있고 좋아요 ,digital
잘 사용하고 있습니다  ,digital
조카 선물로 구매했습니다  만원정도에 잘 구매했습니다 만족합니자,digital
닌텐도스위치 링피트 운동되네요 추천합니다,digital
링피트로 미리미리 몸관리   ,digital
운동이 엄청 되네요,digital
코시국에 집에서 재미있게 할수있는 운동이네요   ,digital
좋아요좋아오 어다렁,digital
정말 운동 됩니다  ,digital
게임도 하면서 운동도 되고 넘 좋네요 ,digital
운동이 생각보다 많이되요 ,digital
밖에도 못나가니 운동 필요한 중딩 아들 잘 하고 있어요,digital
좋아요 너무 좋아요 신나요,digital
정말 싼가격세잘산거같아요,digital
집에서 운동겸 하려고 구매했네요,digital
좋아요 금방 땀나고 재밌게 할 수 있네요 ,digital
빠른배송 감사드립니다,digital
열심히 운동하고 있는데 살도금방빠져서 좋아요,digital
배송도빠르고 프로그램도 알차게 되있네요,digital
늘 애용합니다  좋습니다  강추해요,digital
덕분에 운동하고 좋아요,digital
재밌게 운동하고 있어요,digital
운동시키고 싶어 샀는데 재미있어하넹 느,digital
저렴히 잘 구매했습니다,digital
홈트 하려고 구매했어요 재밌어요,digital
사용 잘 하고 있습니다,digital
엄청 재밌게 하고 있어요,digital
꾸준히 하면 운동이 많이 돼요  재미도 있어요,digital
배송이 빨라서 아주 좋았습니다,digital
운동하려고 구매했어요,digital
지루하지않게 운동한번 해보려구요,digital
적당한가격에 구매했네요 좋아요  ,digital
좋아요 자주구매해요,digital
배송도 빠르고 물건도 좋습니다 ,digital
선물로 구매했습니다  재미있게 잘 사용하고 있는것 같아요 ,digital
아이랑 신나게 하고 있어요 넘 재밌네요 제가 저질체력이라 단련을 좀 하면 더 재밌을거같아요,digital
재고 없어 한참 기다리다 삽니다  배송은 빨라 좋아요,digital
제가 살때보다 좀 더 할인이 되서 아쉽네요   아이가 좋아해요 ,digital
진작 살 걸 후회 중입니다  집에서 홈트하는데 한번 운동 시작하면 시간가는 줄 모르고 해요 ,digital
다이어트하려고 샀는데  너무 잘산거같아요   진짜 재밌으면서 힘들어요    ,digital
링피트 하려고 스위치까지 샀네요  재밌고 힘들고 하네요 ,digital
운동 확실히 됩니다   ,digital
아이가 운동도 되고 좋아하네요 어린이날 선물로 좋아요,digital
배송이 정말 빨랐습니다  저렴한 가격에 잘 구입하였습니다 ,digital
빠른 배송 감사합니다  잘 쓰고 있어요 ,digital
상품도 문제없이 잘 도착했고 운동도 잘되고 좋아요 ,digital
잘사용 중입니다  감사합니다 ,digital
작동 잘됩니다 좋아요,digital
어린이날 선물로 재밌게 하고 있어요,digital
조카가 너무 좋아합니다  많이 파세요,digital
싸게 잘 샀어요 운동 됩니당,digital
배송도 빠르고 좋습니다 조카 어린이날 선물로 했는데 너무 좋아하네요,digital
오  기대 이상이에요  재미있게 운동 했어요,digital
남편이랑할려고샀더니 애들이재미있다고 매일하네요,digital
괜찮아요 괜찮아요 괜찮아요,digital
딸 생일선물로사줬는데 좋아하네요,digital
좋아요 좋아요 좋아요,digital
배송도 빠르고  오래 잘쓰고있어요 ,digital
배송 개빠르고 물건 작동잘되는듯,digital
잘 쓰겠습니당    ,digital
아이 이 좋아하요 ,digital
익일 배송이라 너무 좋았어요 ,digital
오이고맙습니다아앙 ,digital
운동 많이 되네요 ,digital
집에서 운동하기에 좋아요,digital
요즘 대세라고해서 사봤어요 ,digital
집에서 아이와 게임하려고구매,digital
배송도 빠르고 운동 진짜 완전 되요 ,digital
아이가 넘 만족합니다  빠른 배송도 만족이요 ,digital
빠른배송좋아유   ,digital
배송이 빠르네요   ,digital
아주 맘에 듭니다 ,digital
최고예요 ,digital
최고예요 ,digital
저는 플스 를 처음 손에 얻은 날 부터       등 다양한 게임들을 즐겨 하였었습니다  그런데  어느날   충전을 해놓고 게임을 하려는데   사의 갤  스마트폰 배터리  처럼 갑자기 꺼지고 켜지더니  배터리없다  라고 뜨더군요  조금 당혹했었죠  그 후론 다시 충전해도 충전이 되질 않았습니다  즉 고장     이러한 의문의    고장으로 인하여   평소에 즐겨하던 게임들을 더 이상 즐길 수 없었습니다  그래서 사용하던 듀얼쇼크를    고치려고 하였으나     가 안된다는 답변과 함께 유상수리를 해야,digital
 배송도 빨리오고 너무 좋아요  ,digital
잘되는거 같아유 싸게 잘산듯 ,digital
좋은 가격에 잘 샀어요,digital
세일할때 구매하면 좋아요 ,digital
저렴하게 구매했습니다,digital
깔끔한 상품 잘 왔습니다,digital
저럼하게 구입했습니다 단점이 어떤 케이블을 사라는지 안적혀 있고    인식 할려면 프로 그램 사용해야 되는것도,digital
행사에 싸게 잘 구입했습니다 제조일자도   년 월이고요 상태 좋고요 배송도 빠르게 배송되었네요,digital
화이트 색깔이 너무 이쁘네요,digital
애들이 좋아해서 구매,digital
고장나서 새로 샀는데 괜찮은거 같아요,digital
싸게 잘샀어요 좋습니다,digital
피파 붙을라고 컨트롤러 한개 더삼,digital
     월 제조 완전 좋네요  동네 대형마트엔     밖에 안팔아서 여기서 구매합니다 ,digital
생각보다 무지하게 빠른 배송 만족 ,digital
제조일자 최신제품입니다,digital
아주 맘에 듭니다 ,digital
할인받아서 가격은 되게좋은데 배송처리가 별로네요,digital
잘 받았습니다 감사합니다 ,digital
택배 파업으로 다시 반송되어서 다시 받기까지 오래 걸렸지만 친절하게 응답 조치해 주셔서 만족하게 구매했습니다,digital
검정색이 있어서 흰색으로 샀어요  듀얼쇼크 밑쪽은 연한 회색이고 위가 흰색이예요  흰색이라서 변색의 위험이 있기는 하지만 예쁘네요 ,digital
기존에쓰던게   가 고장나 찾던중  만원 미만 가격으로 저렴한건 죄다 홍콩수입이더군요 정품이아니라는 말이많아서 찾고찾은게 다나와링크 이마트몰     가격이 타사보다 저렴한거같더군요 잘산거같습니다 ,digital
처음으로 플스를 구매하고 기분좋게 듀얼쇼크를 알아보던 중 생일 쿠폰이 발급된게 생각이 나서    통해서 검색을 해서 정발 제품을 구매했습니다  설 연휴때 구매를 했는데오랜 시간이 지나서야 받았네요    그동안 주문 물량이 많아서 그런지 약  주만에 받은거 같아요    구래도 정말 좋은 제품이 왔습니다  가격도  만원 초반대로 구매했고 중고 가격 만큼 저렴하게 구매했습니다      할인 받으면 인터넷 최저가로 구매할수 있는거 같아요  요즘에는 기간마다    추가 쿠폰을 문자나 카카오 알림을 통해서 받을수 있던데,digital
감사합니다 잘받앗어요,digital
배송시간이 열흘걸림   ,digital
아무리 추석연휴라지만 배송이 열흘이나 걸렸네요 ,digital
역시 정품을 써여죠,digital
감사합니다 잘받았습니다,digital
감사합니다 잘받았습니다,digital
감사합니다 잘받았습니다,digital
저렴하게 구매했습니다,digital
애들이랑 모아서 같이 샀는데 싸게 잘샀습니다    ,digital
가격이 저렴해서 약간 긴가 민가하는 맘으로 주문했는데 찐이예요  정품이네요 잘쓰고 있어요,digital
평소에     듀얼센스가 너무 무거워서 하나 구매할려고 했는데  만원 세일 덕분에 저렴하게 구매했어요  배송 속도도 적당하고 필요하신 분들 이번 기회에 구매하셔요 ,digital
조아요 저렴할때사서쓰네요,digital
세일할때 잘구입했어요 강추합니다,digital
감사합니다 잘받았습니다,digital
연결선이 없네요 아직도 못쓰고있어요,digital
좋아요  잘쓸게용  ,digital
배송도빠르고좋아요요,digital
배송도 빠르고 상품도 만족스러워요,digital
괜찮게 잘 산 것 같음,digital
너무 잘 쓰고 있습니다   ,digital
원하던 그 정품  잘 받았습니다  새거라서 스틱이 살짝 빡빡한것이 기부니 좋아요 ,digital
예뻐요  받아보니깐 훨씬 맘에 들어요   배송도 빨랐어요  ,digital
저렴하게 잘샀고 배송이 엄청빠릅니다,digital
행사 할때 잘 샀어요,digital
잘 받았습니다  감사합니다 ,digital
친구들과 재밌게 즐겠어요  ,digital
잘 받았습니다  감사합니다 ,digital
안전하게 잘 도착하였습니다 ,digital
좋아요  잘 사용 하고 있어요,digital
빠르고 좋네요 감사합니다,digital
빠릅니다 잘르겠습니다,digital
정품이 좋습니다 새것입 니다,digital
정품 듀얼쇼크맞아요 ,digital
덕분에      원에 검정색 마련했습니다 감사합니다,digital
굳굳 아주 싸고 좋게 샀습니다 강추드랴옴 굳굳 아주 싸고 좋게 샀습니다 강추드랴옴 굳굳 아주 싸고 좋게 샀습니다 강추드랴옴 굳굳 아주 싸고 좋게 샀습니다 강추드랴옴 굳굳 아주 싸고 좋게 샀습니다 강추드랴옴 굳굳 아주 싸고 좋게 샀습니다 강추드랴옴 굳굳 아주 싸고 좋게 샀습니다 강추드랴옴 굳굳 아주 싸고 좋게 샀습니다 강추드랴옴 굳굳 아주 싸고 좋게 샀습니다 강추드랴옴 굳굳 아주 싸고 좋게 샀습니다 강추드랴옴 굳굳 아주 싸고 좋게 샀습니다 강추드랴옴 굳굳 아주 싸고 좋게 샀습니다 강추드랴옴 굳,digital
듀얼쇼크  그대로입니다  성능이나 디자인은 모두가 아시는 그대로이고  배송 빠르고 안전해서 좋았습니다  아이가 목이 빠지게 골드를 기다리고 있었는데 너무 좋아하네요  그립감  진동  스피드 모두 좋습니다 ,digital
 인용 게임하려고 샀어요 화이트 컬러도 깔끔하고 이쁘네요 생각보다 배송시간이 좀 걸리긴 했지만 무사히 잘 와서 만족해요 신세계몰이니까 정품 믿고 구매해요     인용 게임하려고 샀어요 화이트 컬러도 깔끔하고 이쁘네요 생각보다 배송시간이 좀 걸리긴 했지만 무사히 잘 와서 만족해요 신세계몰이니까 정품 믿고 구매해요     인용 게임하려고 샀어요 화이트 컬러도 깔끔하고 이쁘네요 생각보다 배송시간이 좀 걸리긴 했지만 무사히 잘 와서 만족해요 신세계몰이니까 정품 믿고 구매해요     인용 게임하려,digital
배송은 굉장히 빠르게 왔지만 배송올때 상자가 많이 찌그러져서 왔습니다  다행히도 상품엔 문제가 없어보옆 그냥 사용하고 있습니다  바쁘시더라도 주의 스티커라도 붙여주셔서 좀더 안전한 배송이 되었으면 좋겠습니다  상품은 아주 저렴하게 잘 구매한것 같습니다 ,digital
오우 제가 웬만하면 상품평작성안하는데 만족해서 글올립니다 싱품평처음에 을때 알바인가 생각들정도로 아이디도 똑같은사람들이 상품평올럇앗는데 제가 구매후 하루만에 바로도착햇구요 상품뜯어서 사용해보니 아주만족햇습니다 번창하시구요 잘쓰겟습니다   지금 사용한지 일주일다되가는데도 아주만족중입니닿 ,digital
소니정품잘받았습니다,digital
비싸긴 하지만 흠잡을곳 없네요,digital
검은색만 쓰다가 그린색 사봤는데 신선하고 좋네요  친구랑  인용 겜하려고 산건데  번갈아 충전해서 쓰니 혼자 쓰기에도 편해서 좋습니다 ,digital
본품에 있지만 추가로 하나더 장만합니다 실내에서 가족하고 같이 즐길려면 필요할것 같아서 구매했는데   년  월 생산이라 좀 아쉽긴 하내요   ,digital
잘받았어요잘받았어요,digital
저렴하지는 않지만 정품 가품 신경쓰지않고 구매했습니다,digital
저렴한 가격에 국민용돈까지 써서 잘 샀습니다 대만족이에요  신세계 이마트니 가품염려는 없을테고 그냥 모두가 아는 듀얼쇼크   입니다,digital
여기서 듀얼쇼크만  개째 구매 배송은 좀 걸리지만 저렴하고 좋습니다  잘쓰겠습니다  감사합니다 ,digital
설연휴 때문에 늦게 받았지만  상품은 좋아요    ,digital
별을 없앨순 없나보내 내꺼 배송상태확인해보셈 아직도 군포 일주일내내 군포 앞으로도 군포    왠지알음  표시만군포로되있고 택배는 이미 집에옴 열불터져죽을뻔함 한진택배말고   로 바꾸시길 제발,digital
배송은 넋놓고 기다려야 하지만 전 잘기다려요,digital
가성비 좋은 제품 입니다  만족합니다 ,digital
아주 잘 됩니다     마음에 들어요,digital
화이트 주문해서 잘 받았습니다 키도 잘 눌리고 생각보다 때가 안타는거 같아서 괜찮은거 같습니다,digital
포털검색해서 나오는 제품 중에는 정품이 아닌경우도 있다고 해서 몰에서 구매했습니다  잘 사용하겠습니다 ,digital
혹시나 물건이 없으면 배송이 안될 수도 있었을텐데  배송 해주셔서 감사합니다  대란이라서 배송만 늦었을뿐 물건은 좋은 제품 왔습니다  필요한 물건 잘 쓰겠습니다 ,digital
화이트하고 블루 두가지 주문했는데 화이트가 두개왔네요   교환신청하려다가 화이트가 예뻐서 그냥 두렵니다  그것땜에 별 감점    화이트 듀얼쇼크는 예쁘긴 예쁘네요,digital
듀얼쇼크가 하나 더 필요했는데 저렴하게 잘 구입했습니다,digital
듀얼쇼크  그린카모 샀는데   버튼 좌측쏠림 불량   교환하는데    주      직접방문은 강남으로만    소니서비스는 진짜 개선해야할듯   ,digital
잘받았습니다 그리고 배송이 빠릅니다 그리고 마음에 듭니다,digital
지금까지 듀속만 총  개 샀는데 보통    달 지난것들이 오지만 여기서 구매한것들은 제조년월  년지난거 옵니다 맘편히 깨끗한 중고 구매한다생각하시는게 좋을거같습니다 ,digital
지금까지 듀속만 총  개 샀는데 보통    달 지난것들이 오지만 여기서 구매한것들은 제조년월  년지난거 옵니다 맘편히 깨끗한 중고 구매한다생각하시는게 좋을거같습니다 ,digital
스파이더맨 듀얼쇼크는 따로 발매안되어서 그냥 레드로 구입  색깔 쨍하니 괜찮네요  기존 쓰던 패드와 번갈아가면서 사용하는데 확실히 편합니다 ,digital
블랙으로 사서 커버 씌우니 예쁘네요  배송은 역시 빠릅니다 ,digital
잘 받았습니다  앞전하고는 다르게 패키지에 손상없이 양호한 상태로 배송 왔네요 ,digital
빠르고안전한배송만족합니다,digital
최고예요 ,digital
드디어 난텐도 스위치를 쿠폰과 상품권 먹여서 나름 잘 구매했네요  배송도 주문 익일 빠르게 보내주셨구요       모델을 벼르다가 결국 질렀는데 확실히 화면도 쨍하고 꽤 커진 화면이라 여러모로 만족스럽습니다  다만 배터리는 많이 개선된 느낌은 받지 못했는데 개인의 플레이 성향차가 있겠으나 좀 빨리 닯는다는 느낌이 있었어요  닌텐도 라인업은 소니 라인업보다는 아직까지 밀리는 감이 있지만 향후 나올 게임들은 기대해볼만할듯 ,digital
제품 좋네요  잘 받았습니다 ,digital
좋아요 좋아야 만족해요   ,digital
네온블루레드 항상 품절이라 구매힘들었는데 좋은 가격에 잘 샀네요  배송간에 문제가 있어 피곤해서 별 하나 빼네요,digital
초  딸 어린이날 선물로 구매했어요 아직 개봉하진 못했지만 네온 올레드모델 다른곳에 비해 저렴하게 잘샀어요   ,digital
가족과 함께하려고 구매했습니다  재미있었으면 좋겠습니다 ,digital
빠른 배송 감사합니다 ,digital
빠른배송 좋아요 잘쓸게요,digital
빠른 배송 감사합니다 ,digital
부재시 경비실 맡김이였으나 택배사에는 전달되지 않았다고 하더군요  오른쪽 휠 버튼이 오래 쓰지도 않았는데 삐걱소리가 납니다 ,digital
야숨이 아닌 스워드 세트입니다 그래도 블랙 잘 구매했어요 ,digital
아이가 너무 좋아합니다  같이 게임도 즐길 수 있어서 좋습니다 ,digital
게임 진짜 좋아요 너무 맘에들어여 담에 또 이용할예정입니다,digital
배송도 빠르고 포장도 잘되어서 상태좋게 받았어요   ,digital
잘 안파는 색상이라 구하기 어려웠는데 여기서 구해서 좋아요 ,digital
아이 입학선물로 구입했습니다  네온컬러가 없어서 오프라인매장을 여러번 돌았는데 좋은 제품 잘 구했습니다  배송도 빠르게 받았습니다,digital
배송빨라요 잘받았습니다,digital
애들이 재밌어 하고 신났네요   ,digital
빠르고 안전하게 잘 도착하였습니다 ,digital
 인 플레이 감안해서 구매 했고 컬러도 이쁘고 넘 잘사용중입니다 ,digital
야숨이 아닌 스워드 세트입니다 그래도 블랙 잘 구매했어요 ,digital
닌텐도 스위치 좋아요    잘 쓰고 있어요,digital
어린이날 선물로 잘 샀어요,digital
빠른 배송 감사합니다 ,digital
빠른 배송 감사합니다 ,digital
빠른 배송 감사합니다 ,digital
최고예요 ,digital
최고예요 ,digital
최고예요 ,digital
최고예요 ,digital
잘받았습니다 잘받았습니다 잘받았습니다,digital
최고예요 ,digital
최고예요 ,digital
최고예요 ,digital
쿠폰떠서 저렴하게잘샀어요 화면이선명하고 좋네요,digital
저렴한 가격에 너무 잘 샀어요 ,digital
빠른 배송에 감사합니다,digital
짱 좋습니다  좋은구성으로 저렴한편에 구매했어요     닷컴이라 믿고 구매 가능했구요   ,digital
아이 어린이날선물로샀어요 꽁꽁 감춰놨는데 좋아할것같아요    ,digital
아이가 너무 좋아하네요  좀 더 일찍 사줄껄 그랬나봐요 ,digital
최고예요 ,digital
저렴한가격에 잘샀습니다 아이가 좋아하네요,digital
네온색상 구하기 어려웠는데 잘 구매했습니다 ,digital
배송 빠르고 상품 좋네요,digital
화면이 진짜 선명해요  필름  이다 실수해서 약간 울 는데 티도 안날 정도로 선명해서 플레이할때 기분 좋네요,digital
최고예요 ,digital
최고예요 ,digital
선물 받아서 사용중인데 좋아요,digital
아이들이 너무 좋아해요,digital
딸랑구가 손에서 놓지않는 부작용이 있어요  ,digital
큰아이 생일성물로 구매했는데 가격이 여기가 제일 좋네요,digital
저렴한 가격으로 구매하였습니다 ,digital
어린이날 선물로 구매했어요 ,digital
닌텐도 잘 구매해서 사용중입니다,digital
배송이 빠르네요  ,digital
아이들이 좋아해요  ,digital
빠른배송 감사합니다   ,digital
아직까지 잘 쓰고 있어요   ,digital
배송도 빠르고 굿굿굿,digital
잘 받았어요  만족합니다 ,digital
잘받았습니다  감사합니다 ,digital
아이가 너무좋아해요 색상도 쨍한게 이쁘네요,digital
아이가너무좋아합니다,digital
배송도 빨랐고 제품도 잘 왔어요,digital
별이 개 고맙습니다,digital
구하기힘든 네온 색상을 정가에 잘 구입했습니다 배송도 빠르고 좋네요,digital
배송은 정말 빠르게 진행되고 가격도 저렴하고 좋더라구요,digital
배송도빠르고 저렴하게잘샀어요 ,digital
아이가 좋아하네요 빠른배송 감사합니다,digital
액정화면도 크고 재미있어요 ,digital
배송 빠르고 아이가 너무 좋아 해요,digital
별이 개 고빔습니다,digital
별이 개 고밉습니다,digital
별이 개 고빔습니다,digital
별이 갸 고맙습니다,digital
별이 개 고맙습니다,digital
충동구매한 제품인데 만족도가 큽니다 ,digital
선물로 샀는데 안전하게잘왓어요,digital
배송도 잘오고 포장상태도좋아요 ,digital
아이 선물용으로 주문,digital
제품 저렴하게 구입했습니다   ,digital
배송이 빨라요   제품도 좋구,digital
화면도 크고 아주 좋아요  ,digital
빠른 배송 감사합니다 ,digital
좋은상품 좋은가격 고맙습니다,digital
아들생일 파티 성공적으로 했습니다 네온 구하기 힘둘었눈데 구해서 좋았어요,digital
애들이 너무 좋아해요        라 화면두 큼지막 해서 시원 시원 합니다  ,digital
진짜 저렴하게 잘 샀어요   배송듀 어찌나 빼른지    정말     사랑해요   ,digital
포장 깔끔 배송빠르고,digital
잘받았어요 잘받았어요,digital
완전 만족이요    하트하트 잘쓸게요    필요한거 다 있는 패키지라 따로 다른거 구매하지도 않고 바로 사용했습니다  배송도 하루만에 왔오요  정가로 완전 잘샀습니   ,digital
큰애 게임하는거 보고 둘째가 너무 부러워해서 구매 했네요  패키지 구성품이 너무 좋습니다,digital
아이 크리스마스 선물로 사줬는게 아주 좋아하네요 기존 닌텐도 스위치 있는데 작은애랑 하나씩 하니 좋아하네요,digital
어제 받았어요 배송이 배송예정일보다 하루 먼저왔고 빨라서 좋아요   잘 사용할 예정입니당 가격도 괜찮네용,digital
남편 생일 선물로 주문했어요   저는 겜알못이라 해봐도 잘 모르겠는데 남편은 이삼일 내내 붙잡고 잘 하더라고요     잘 산거 같아요   ,digital
올인원패키지로 구매했는데 본체랑 동물의숲만 오고 케이스랑 필름 파우치는 안왔습니다  문의 남겨도 휴일이라 그런지 확인도 안하네요   좀 짜증나네요,digital
빠른배송에 패키지라 넘 편하고 좋습니다  배송받고 매일매일 온가족이 모동숲에 빠져있습니다  잘쓰겠습니다  너무재미있어요 ,digital
수요일 예정이였는데 하루빠는 화요일에 받았네요  택배없는늘에 대체휴무까지 껴서 느긋하게 기다려야지 했는데  빨리와서 너무 기분 좋았습니다  액정은 붙이다 실수했지만 티나지 않아요  잘 쓰겠습니다 ,digital
세트로주문해서 편하게 쓰고있어요 셋이서 하는데 로컬통신섬으로 이동되어서 너무 편하구요  노랑도 색상 참이쁘네요  스위치보다 그립감이랑 버튼이부드러워서 좋으네요 물고기잡는거라던지 진동알림이 없어서 좀 아쉽긴해요  밤에 몰래할땐 조용해서 좋지만요  ,digital
주문한지   시간 안되어서 도착했네요     닌텐도 스위치 쓰다가 라이트도 주문했습니다  예쁘네요  ,digital
아주조와용    아빠 어버이날선물로 드렸어여 큰 스위치 쓰다가 가벼우시다구 좋으시대여,digital
선물해줬는데 너무 좋아하네요  ,digital
너무 빠른배송감사합니다 지인한테도 추천했어요     하자없이와서 더 좋아요   ,digital
비싸지만  년동안 아이갖고 싶어해서 크리스마스 선물로 사줬더니 넘넘 좋아해요 ,digital
컬러 상콤하고 넘 예뻐요,digital
진짜 짱빨리왔어요너무 이쁘고 할생각 하니 기대가되요    진짜 고맙습니다      ,digital
이거 불량인것 같아요 아무래도 펴지지가 않네요 다른제품보내주세요 ,digital
배송도 빨리오고 상품도 잘 왔습니다,digital
큰애 선물로 주문했는데 엄청 좋아하네요 ,digital
배송 잘 받았습니다,digital
적당히 저렴하게 잘샀어요,digital
조카 선물해줬는데 정말 좋아해서 저도 행복하네요 ,digital
케이스는 마음에 안들어서 다른걸 샀지만 나머지는 다 좋았습니다  잘 쓰고있어요 ,digital
배송이 진짜 하루만에 왔어요    오자마자 동숲 하고잇는중이에여 완전추천 ,digital
아이소원이라 해줬네요   디자인 색상좋고 오래 잘 사용하면 좋겠어요  ,digital
배송도 빠르고 포장도 너무 깔끔하게 잘 되어 있었어요  좋습니다 ,digital
조카 선물로 구입했는데 너무 좋아해요 게임팩도 나중에 여러개 구매 해야 겠어요,digital
조카 선물로 구입했는데 너무 좋아해요 게임팩도 나중에 여러개 구매 해야 겠어요,digital
조카 선물로 구입했는데 너무 좋아해요 게임팩도 나중에 여러개 구매 해야 겠어요,digital
상자가 찌그러져있고 한쪽 접착부분이 찢어져 있어서 걱정했는데 다행히 제품은 이상이 없네요  ,digital
잘 받았습니다   ,digital
배송도 빠르고 좋아요,digital
방콕하는 아이들이 엄청 좋인하네요,digital
카드는 망햇지만 기계 너무 이뻐요       구성도 좋구 배송도 짱 빨랏어요 코랄 너무 예뻐요,digital
원하던 제품 구매해서 너무 좋아요  선물용이었는데 택배가 정말 빨라요  ,digital
진짜 후기보고 샀는데   시간 내로 왔어요    그리고 코랄색 진짜 이뻐요 미친 거같아요,digital
조카들 하나씩 선물했어요 넘 좋아하네요 한꺼번에 주문이 안돼어서 아쉬웠어요,digital
빠른 배송에 제품 정상적으로 와서 만족하고 있습니다 ,digital
배송빠름이 아주 맘에들어용   아들이 넘나 좋아합니당      ,digital
배송도 빠르고  맘에 쓱,digital
패키지로 한번에 사서 잘 사용하고 있어요,digital
조카아이 선물입니다  잘  ,digital
맛있어요 저렴해요 배송도빨라요,digital
원하던 제품 구입해서 너무 좋아요 ,digital
조카 선물해 줬는데 이모짱이랍니다 ,digital
빠른 배송 감사합니다  ,digital
칼라가 너무 이쁘고 좋아요,digital
싸고빠르게잘받았습니다,digital
친구 생일 선물로 구매 좋아해요,digital
딸램이 넘 넘 좋아하네요,digital
아이가 생각보다 잘 안갖고 노네요,digital
빠른배송 감사합니당   ,digital
빠른배송 감사합니다,digital
배송이 정말 빨랐어요 잘 받았습니다,digital
아이가 너무 좋아합니다 ,digital
너무 좋아요 배송도 빠르고 카드도 맘에 들어요,digital
생각보다 가벼워서 좋네요,digital
색도 너무 예쁘고 즐겁게 하는 중이에요  ,digital
기다리던 제품인데 구매해서 기쁩니다,digital
빠른배송 감사합니다,digital
아이가 너무 좋아하네요  사은품 감사해요  ,digital
잘받았어요 감사합니다,digital
잘받았어요 퍼즐도 좋네요 ,digital
생각보다는     오딧세이 종이접기 섞은 느낌    ,digital
빠른배송 감사합니다 아이가 좋아하네요,digital
아이 생일 선물로 구매했는데 너무 좋아하네요  원래 닌텐도 스위치 라이트 쓰고 있었는데 닌텐도 모동숲 에디션 너무 갖고 싶어해서   카드 첫 구매 할인받아서 쪼금 저렴하게 사기도 했고 배송도 늦지 않게 와서 생일선물로 잘 줬어요  감사합니다,digital
배송도 빠르고 배송 상태도 좋았습니다,digital
잘 놀았습니다 재밌어요 ,digital
아이들이 너무 좋아해요  ,digital
아이들이 좋아해요 ,digital
딸아이 선물로 사줬는데 좋아하네요,digital
여자친구 사줬는데 동물의숲 재밌다고 하네요  매우 만족합니다 ,digital
가족과 즐기려고 샀는데 좋아하네요,digital
저렴하게 구매 잘했어요,digital
제가 하려고 샀는데 저보다 가족이 더 좋아해요   ,digital
가격도 저렴하고 다좋은데 배송서비스 관련하여는 불만족스럽습니다  택배 기사가 배송을 안했는데 허위로 배송완료를 하였습니다  얼마나 당황스럽던지    로젠택배가 그런 일이 종종 있다는군요  배송사를 로젠택배가 아닌 다른회사로 하시는것을 고려해보시는것이 좋을듯합니다  배송사 문에 다음에는 다른 판매자에게 구매할듯합니다 ,digital
둘째꺼 구매했어요 넘 비쌉니다,digital
빠른배송으로 잘 받았습니다,digital
빠른 배송에 코폰과 카드 할인 모두가 좋았어요 ,digital
상품과 배송이 신세계백화점에서 직접 구매한 것처럼 매우 만족합니다,digital
너무 만족합니다  집에서 아이들과 함께 할 수 있어서 좋습니다,digital
상품상자에 원래 봉합스티커가 없나요  상품설명서도 따로 없고 찜찜하긴하지만 받은 아이들이 좋아해서 그냥 사용합니다,digital
가격도 좋고 성능도 좋습니다  가족들이 다 좋아합니다  부텐도로 구매했습니다  재구매 의향 있습니다 ,digital
최고의 게임기 인것 같습니다  아이들이 너무 좋아하네요  배송 엄청 빠르고요  앞으로도 저렴하게 모든지 부탁드립니다 ,digital
딸아이 무척 좋아하네요  좋은상품 감사해요   ,digital
아들과 열심내어 하고 있냄요,digital
빠른배송 잘샀어요 아들 생일선물로  ,digital
전날 시켜서 하루만에 배송 왔네요,digital
만족보다는 게임칩이 중요하네요  재미나게 게임하겠죠 ,digital
넘무 좋아여   뒤늦게 닌텐도 모동숲 빠져서 신나게 하고 있습니다 히히,digital
배송빠르고 상품도 만족합니다 배송빠르고 상품도 만족합니다 ,digital
배송빠르고 상품도 만족합니다 배송빠르고 상품도 만족합니다 ,digital
배송빠르고 상품도 만족합니다 배송빠르고 상품도 만족합니다 ,digital
배송빠르고 상품도 만족합니다 배송빠르고 상품도 만족합니다 ,digital
저렴하게 잘산거 같아요  엄마 운동하려고 샀는데 아이들만 신남,digital
좋아요 싸게 잘 삿어요,digital
아이가 매우 좋아하네요 잘 샀습니다 ,digital
상태 괜찮고 쓰기 좋은거 같아요,digital
빠른배송 좋아요  최고입니다,digital
          ,digital
좋아요 너무 좋아요 신나요,digital
아주 아주 맘에 듭니다,digital
빠른 배송 감사합니다,digital
조은게임기잘구매했습니다,digital
좋아요  아이가 넘 좋아하네용  ,digital
할인받아 최저가에 구매했어요 아이들 조아라 합니다,digital
저렴한 가격에 잘 샀습니다  감사합니다 ,digital
잘받았어요 배송도 빠르네요,digital
배송도 빠르고 제품도 무사히 잘 받았습니다,digital
포장 잘 되어서 왔도 작동도 잘되요,digital
배송빠르고 포장도 좋아요,digital
아이가 정말 좋아합니다 값어치 하길 바랍니다,digital
아이가 정말 좋아합니다 ,digital
아이가 졸라서 사주었는데 아이들이 같이 잘 노네요 ,digital
아이가 너무 좋아해요 조작도 쉽고 배송도 빨리왔어요,digital
할인받아 최저가에 구매했어요 아이들 조아라 합니다,digital
아이가 너무 좋아하네요,digital
배송 엄청 빨리 왔어요  오자마자 뜯어서 했는데 너무 힐링겜    귀여워 미치겠어요    컬러링북은 처음  페이지는 커비 스티커로  나머지는 색칠할 수 있는 걸로 나뉘어져 있습니다  커비 스티커도 큼직큼직해서 좋네요    ,digital
이렇게 살거였으면 예약판매할때 살걸 그랬어요   아쉽지만 어쩌겠어요   갖고싶다는데      ,digital
우와  엄청 빨리 와서 만족스럽습니다  엄청 큰 박스에 담겨져 왔는데  상태도 이상없었고  게임 작동도 잘 되고 재미있습니다  구입하길 잘한거 같아요,digital
아이가 너무 재미있어 합니다  초등생 여자아이가 하기에 그래픽도 난이도도 적당하네요,digital
배송 빠르고 저렴하게 구입 했어요,digital
귀여워서 더 재밌어요,digital
배송도 빠르고 저렴하게 구입했어요,digital
잘 받았습니다   ,digital
배송빠르고 저렴하게 구입 했습니다,digital
아이가 하고싶어해서 구입했어요  할인받아서 자렴하게 잘 구입했네요 ,digital
좋아요 별의 커비 좋은 가격에 살 수 있어서 좋고  배송도 엄청 빨랐습니다  포장도 안전하게 왔습니다  아주아주 추천드립니다   ,digital
배송은  일정도 걸렸네요  아이가 생일 선물로 받고 싶다고 해서 구입한거라서 아이 생일 보다 늦을까봐 걱정했는데 그래도 늦지 않게 하려고 여유있게 주문했는데도 마지막요일이 주말에 걸쳐 있어서 제 시간에 못 도착할까봐 많이 걱정했는데 다행이도 그 시간전에 도착해서 다행이었어요  하지만 다른 곳 보다는 배송이 좀 늦다는 생각이 들었답니다  만약 시간이 어느정도 필요하게 받으실 경우라면 미리미리 넉넉하게 주문하시는게 좋을 듯 싶어요  만약 보통 따른데 배송 참고 하셔서 촉박하게 시키시면 차질이 생길수 도 있지 않,digital
어린이날이 다가와서 부랴부랴 선물을 고르다     에서 할인쿠폰을 줘서 정말 기분좋게 구매할 수 있었습니다  배송도 바로 다음날 도착했으니 모든게 마음에 드네요  아이들이 너무 좋아해서 기분좋은 구매였습니다 ,digital
빠른배송 너무 감사합니다  조카가 바로 받아보고 신나게 플레이하며 좋아하네요  이 모습때문에 선물 사주는 기분좋음    별의커비 디스커버리 뿐만 아니라 다른게임도 이곳을통해서 재구매 할 예정입니다  많이파시고 건강하세요 ,digital
특전이랑 게임팩이 빨리 왔어요  아이가 너무 기뻐했습니다 ,digital
배송         제품        ,digital
커비 디스커버리 재밌다해서 구매해  네요  배송도 빠릅니다 ,digital
저렴하게 샀으며  배송이 빠른게 너무 좋았습니다 아이가 너무 좋아하네요 포장상태깔끔하게 잘 받았습니다   ,digital
아이가 원해서 구매했는데 애니메이션도 아기자기 귀엽고  액션게임 중에 폭력성이 낮은 것 같아 초등 저학년 아이 플레이하기 괜찮은 것 같아요  배송도 빨라서 오래 기다리지 않아도 돼서 좋았습니다   ,digital
잘 받았습니다  만 하루도 않된거 같은데  도착을 했네요  너무 감사합니다  아이가 너무 좋아 할 것 같습니다  많이파세요,digital
배송 엄청 빨리 왔어요  오자마자 뜯어서 했는데 너무 힐링겜    귀여워 미치겠어요    컬러링북은 처음  페이지는 커비 스티커로  나머지는 색칠할 수 있는 걸로 나뉘어져 있습니다  커비 스티커도 큼직큼직해서 좋네요    ,digital
잘받았습니다 잘쓸께요,digital
아이들이 재미있어해요 ,digital
배송빠르고 좋습니다,digital
저렴한가격에 잘 샀어요 배송도 빠르네요,digital
잘받아서 잘 하는중입니다,digital
아이들이 너무좋아하고 플레이중입니다,digital
빠른 배송 감사합니다,digital
아이가 좋아하네요 배송도 빠르고 좋아요  ,digital
딸이 무척 좋아합니다 ,digital
아이가 참 좋아해요  둘이 같이 할 수 있어 좋아요,digital
오  아이들이 너무 좋아해요  초저학년이요  닌텐도를 친구들과 같이하니 더 즐거워합니다  이건 두명밖에 못한다고 하는데  맞는건지 모르지만 여튼 넷이하면 더 재미날건같긴해요 ,digital
우리 꼬맹이들 체험판 하는걸 봤는데 넘 귀엽고  재밌어 보이더라구요 어린이날 선물로 물어보니 좋다해서 늦지않으려 부랴부랴 주문했어요 하루만에 왔습니다   ,digital
발송은 바로하셨던데 배송사고인지 경상도까지내려갔다 서울로돌아와서 오래걸렸어요  ,digital
기다리고 가다리던 커비가 왔어요 아들이 너무 좋아하네요,digital
별의커비 디스커버리 사전예약을 상당히 늦게 했는데도 배송이 이틀만에 오네요 다음번에 또 하고싶은 닌텐도 스위치 게임이 나온다면신세계쇼핑몰 사이트에서 구매할거같아요 이번 별의커비 디스커버리 사전예약 구매로 신세계몰 사이트를 처음 이용해보는데 배송도 너무빠르고 적립금도 많이 줘서 이번엔 어떤걸 살까 매우 고민중입니다,digital
아이들이 정말 재미있어하고 좋아해요   ,digital
아이가 전부터 하고싶어했던 거라 구입했는데 역시 넘 재밌어히네요  ,digital
아들 생일 선물로 주문했어요  별의 커비도 시리즈가 있다는데 이게 제일 재미있다네요   ,digital
어린이날 선물로 준비 했는데 신제품이라 그런지 배송이 빠르진 않았지만 아이가 너무 좋아하네요  ,digital
아이가 너무 좋아하네요  캐릭터들도 너무 귀엽고 카드할인되서 저렴하게 잘 산거같아요 ,digital
아이들 어린이날 선물로 구입해서 숨겨두었어요 미리 준비한거라 그때 줄건데 불량 없길 기도하고 있어요   ,digital
배송 빨리왔어요  아이가 좋아하네요  감사합니다,digital
처음해보는 게임인데 재미 있어요,digital
조카가 너무 좋아해요  캐릭터가 정말 귀엽네용,digital
장바구니 담아두고 가격이 조금 올라서 슬펐고  배송이 쪼금 늦었지만 초등아이가 좋아해서 만족합니다 ,digital
잘받았습니다 디스커비짱,digital
아이가 코로나로 격리중인데 받고 아픈것도 싹 잊고 열심히 하네요  싸게 잘 샀습니다 배송도 빨라 좋아요,digital
재밌다고 하네요  화면이 예쁩니다 ,digital
아이들이 커비를 너무 좋아하는데 신제품이 나와서 구매했어요 배송이 빨랐습니다 쿠폰까지 써서 저렴하게 구입했어요,digital
배송도 빨라서 아이와의 약속을 지킬수있어 다행였어요  오자마자 포장뜯고 게임하는데    일주일도 안되서 딘 끝낼꺼 같네요   ,digital
잘받았어요  아이가 무척 좋아하네요   ,digital
오전 일찍 도착했어요  아이들 집에 오자 마자 흥분하며 벌써 게임중이네요,digital
아이들이 오늘받고 게임하고있는데 너믄 즐거워하네요    ,digital
매우 만족합니다 좋아요,digital
아들이 엄청 재밌게 이용중이예요,digital
빠른배송잘받았습니다  즐거운게임 할께요,digital
좋아요좋앙   딱좋아,digital
좋아요    네 알겠습니다 감사합니다   ,digital
조카선물로 구입했어요,digital
배송도 빠르도 아이들이 너무 좋아해요 ,digital
아이가 너무 갖고 싶어해 어린이날 선물로 사줬어요  너무 좋아하네요 ,digital
어린이날 선물로 구매했는데 아이가 재밌게 잘 하네요 ,digital
다른데보다 싸게잘사서 기부니가 좋습니다 애들이 재미있어합니다,digital
빠른배송에 물건도 좋아요  어린이날 선물 했는데 좋아합니다,digital
아이가 사달라고 졸라서 생일선물로 사줬습니다  배송 빠르고 좋았어요,digital
어린이날 선물로 미리 구매했는데 배송도 빠르고 아이가 무척 좋아했습니다 ,digital
배송이 엄청 빠르네요  아이가 원해서 구입했는데 재밌다고해요,digital
카비랑 떠나는 모험 너무나 즐거워요 아이들보다 제가 더하고 있답니다  ,digital
아이가 너무좋아해요  생일선물로 갖고싶다고해서 사줬는데 너무 재밌다고하녕  ,digital
조카가 너무 좋아해요  힐링 게임이라는 소문듣고 사줬어요,digital
소소하게 재미있네요 요즘 정신 없는 게임보단 훨씬 좋아요,digital
어린이날 선물로 구입했어요 주문한 당일 발송해주셔서 감사합니다,digital
아이가 무척 좋아합니다  배송도 무척 빠르네요  잘 쓰겠습니다,digital
어린이날 선물로 구매햇어요  아들이 엄청 재밌어하네요,digital
아들이 잘하고 있습니다 저번스타얼라이즈 보다 재미있는거같아요,digital
배송도 엄청 빨리오고 아이들이 엄청 재미나게 하네요 ,digital
체험판 해보다가 결국 사주네요  재밌다고 좋아합니다  ,digital
커비 너무 귀여워요 게임도 알차요  아이가 아주 좋아한답니다,digital
배송 빨라서 좋았어요 게임은 어린이들이 하기 좋은 거 같네요,digital
빠르고 안전하게 배송해주셔서 감사합니다  아이들이 너무 좋아합니다,digital
싸게 잘 구매했어요  사음품도 다른데랑 달라서 좋아요 ,digital
아이들이 너무 좋아해요 신나게 하는 모습보니 뿌듯하네요 배송도 하루만에 와 넘 좋아했어요,digital
너무 귀엽고 재밌어요,digital
배송도 빠르고 하자없이 잘 받았어요,digital
아이가 너무  아하네오 싸게 구매,digital
빠른 배송도 조아요,digital
아이들이 너무 재미있게 하고있어요,digital
아이가좋아합니다  ,digital
가격이 너무 좋았어요 아이가 좋아해요,digital
아이가 플레이 하기 어렵지 않고 재미있어요,digital
재미있게 잘 가지고 놀아요   ,digital
재밌습니다   선물로 또 살게요,digital
아이가 엄청 좋아해요   ,digital
별의커비 너무 재미있게 해서 선물로 사줬더니 좋아하네요  근데 별의 커비 어드벤쳐보다는 난이도가 높아서 힘들어해요    ,digital
앙가 조아라합니다 마니파십시요,digital
리유저블컵은 품절되서 받지는 못했지만 배송 빠르고 아이들이 하기에 좋은 게임입니다,digital
많이 기대가 되네요 드디어 왔네요  아이가 무척 좋아하네요,digital
아이가 좋아하네요 빠른배송 감사합니다,digital
너무 재미있어요 아이들이 좋아해요,digital
어린이날 선물로 구매했어요  아이가 좋아해요  배송 빨랐고  만족합니다  닌텐도 팩 가격이 비싸서  할인을 자주 했으면 좋겠어요 ,digital
총알배송 만족   얼마전부터  살 아들내미가 커비  커비  노래를 부르며 사달라고    다음주 생선 미리 앞당겨 주문했어요    ,digital
커비시리즈 처음 구매인데 너무 재밌어요 ,digital
미취학 아이도 같이 하기 어렵지 않고 그래픽도 예뻐요  매장엔 품절이던데 잘 구매했어요,digital
배송도 빠르고 가격도 싸네요,digital
잘받았습니다  감사합니다 ,digital
가격좋구 배송 빨라요,digital
만족합니다아아아아앙,digital
방학이라 어이들 위해 주문했어요 아이들이 좋아해요,digital
조카선물로 구매했어요  요즘 애들 다 가지고 있는거라 좋아하며 재밌게 놀고 있다네요,digital
아이가 플레이 하기 어렵지 않고 재미있어요,digital
아이가 너무 좋아해서 조카 선물로 재구매해요    살 유치원생도 잘해요,digital
엄청엄청 좋아하고 잘해요 조카 어린이날 선물도 이걸로 결정했네요,digital
상품과 배송이 신세계백화점에서 직접 구매한 것처럼 매우 만족합니다,digital
아이가 재미있어해요  초등학생 게임으로 추천합니다 ,digital
사전예약해서 받았어요 기다린 시간이 아깝지 않아요 ,digital
동숲보단 재미가 없는지 아이가 동숲을 더 마니 하네요    ,digital
아이가 원해서 주문해줬어요  배송도 빠르고 좋네요,digital
배솥 빠르게 잘받앗어요,digital
빠른 배송 감사합니다 게임 할 생각에 기대가 됩니다,digital
어린이날 선물로 사줬는데 막내가 재미있다고 합니다 ,digital
좋아요 조아요 좋아요 ,digital
아이가 가지고 싶어하더니 좋아하네요,digital
아이 선물로 구입했어요 잼있디고 하네요,digital
너무너무 재밌어요 ,digital
애기가 너무 좋아해요  아쉬은   플레이    둘다 커비하고 싶다네요   ,digital
게임팩 너무많아서 안사주려다가 또 사줬어요    살아이 재밌게 합니다,digital
아이 친구 선물로 주려고 또 구매했어요  친구도 너무 갖고싶었던거였다고 너무 좋아해요 ,digital
되게 쉽고 재밌고 왜 인기가 많은지 알겠어요  핑크돼지 재미,digital
기대한것보다 더 재밌게 나와서 즐겁게 했습니다  배송도 빨랐어요   ,digital
매장보다 저렴하게 잘샀어요 ,digital
어제 주문 오늘 배송 완료  아이가 엄청 좋아합니다,digital
최고예요 ,digital
최고예요 ,digital
아이가 좋아합니다  기다렸다가 샀어요,digital
싸게 좋은 가격으로 구매 했습니다,digital
배송이 빠르고 좋아요,digital
애들 코로나 걸리고 격리하는 동안 사줬어요,digital
만족합니다  수고하세요 ,digital
재밌다 커비 너무 귀엽다 커비,digital
잘받았습니다 배송도빠르고 상품도마음에 들어요   감사합니다 수고하세요 또사러 들르겠습니다 많이 파세요,digital
애들이 재밌어해요  좋아요,digital
초  아이 너무 좋아해요,digital
어린이날선물로샀어요  싸게잘샀어요 ,digital
우리아이가 사자마자 신났습니다,digital
아이선물로 주문했어요,digital
저렴하니 잘 샀어요   ,digital
늘 주문하던 제품이에요,digital
아들이 너무 좋아해요,digital
아이가 너무 좋아하고  금액도 저렴하게 아주 좋네요,digital
매우만족합니다좋아요,digital
닌텐도 재밌다아앙 ,digital
가격도 좋고 배송도 빠라서 좋아요,digital
어린이날 선물로 사 주었는데 짱 좋아해요,digital
아이 선물로 구입했는데 딱 좋았어요,digital
아이가 너무 좋아 합니다,digital
아이들이 매우 좋아합니다  강추,digital
매우 좋아하는 게임입니다,digital
빨리도착했어요 사은품못받아 똑땅  ,digital
귀여운 커비 재미있어요,digital
아이가 사달라고 해줬는데 넘 잼있다네요 ,digital
오자마자 게임삼매경이네요 저렴히 잘산거같아요,digital
아이가 너무 재밌어해요,digital
좋아요 재밌아요 아이가 좋아해요,digital
아이가 좋아해요 감사합니다,digital
배송 빠르게 잘왔어요 아이가 좋아해요,digital
아이들이 좋아해서 사줬어요,digital
배송 빠르고 겜 잼나요,digital
조카 어린이 날 선물이예요  배송 빨라 좋네요,digital
  좋아요    아이가좋아합니당,digital
어린이날 선물로 샀어요,digital
어린이날 선물로 구입했어요 ,digital
기다리던 커비   ,digital
좋아요 배송 빨라요,digital
배송이 정말빨리왔어요 저렴하게 구매했습니다,digital
잘샀어요 종     ,digital
재밌어요  갓겜이에요 ,digital
아들이 좋아합니다 ,digital
저렴하게 구입했습니다,digital
아이가 좋아합니다 ,digital
아이 생일선물로 주문했는데 너무너무 기다렸어요  카드할인받아 나름 저렴히 구매한것같습니다 정품이라고하는데 정품씰 같은게 없어 원래이런가 싶습니다 잘 작동했으면 좋겠네요  ,digital
좋은 상품 고맙습니다 ,digital
좋아요 상품좋아요 배송좋아요,digital
진짜잘삼   너무좋음,digital
퀄리티 굿 입니다 배송도 빠르고 좋아요,digital
잘도착했어요 좋아요   ,digital
배송 안전하게 잘 왔어요 재밌게 할게용,digital
저렴하게 구매했어요  ,digital
좋은 가격 빠른 배송 좋은 상품 감사합니다 번창하세요,digital
적극 추천합니다 배송도 좋습니다,digital
누워서 큰 화면에 화질 좋은     로 게임 즐기고 싶다 생각이 들어서 고민 끝에 구입했는데 화면 넓게 크고 화질도 좋고 카드할인받아서 저렴히 구입해서 너무 만족해요  그리고 단품도 스틸북 주는건지 몰랐는데 실물로 보니 완전 이쁘네요  감사합니다  잘쓸게요 ,digital
포장과 배송 모두      입니다,digital
감사합니다  잘샀 니다,digital
 배송상태 좋앗어용   ,digital
할인 많이 되었네요  성능 좋아요,digital
미리 사 놓은 크리스마스 선물,digital
아주 좋아요,digital
배송도 빠르고 가격도 저렴하게 잘 샀습니다,digital
감사합니다 잘받았어요  ,digital
빠른 배송 좋은가격  ,digital
아빠랑 아이랑 잘 가지고 놀아요,digital
손주선물로샀는데 아이가 아주 좋아하네요,digital
감사합니다 감사합니다 ,digital
최고예요 ,digital
좋아요 ,digital
최고예요 ,digital
최고예요 ,digital
최고예요 ,digital
최고예요 ,digital
최고예요 ,digital
재밌네요 옵션으로 추가품목도 있었으면    ,digital
최고예요 ,digital
최고예요 ,digital
최고예요 ,digital
최고예요 ,digital
최고예요 ,digital
최고예요 ,digital
최고예요 ,digital
최고예요 ,digital
물픔 잘받았습니다    고맙습니다 ,digital
최고예요 ,digital
사야지 했다가 지렀습니다 하나하나 사다보니 가랑비에 옷젖는다고 점 되네   괜찬은 가격이라 맘에 듭니다,digital
배송 빨라요  하루만에 왔어요  그리고 문의사항이 있어서 업체 직원분과 통화 했었는데 너무 친절하셨습니다  감사합니다  ,digital
잘받았어요  발매일날 바로받아서 만족합니다 ,digital
별이 개 고맙슴비당,digital
별이 개 고맙 습니다,digital
빠른 배송  재미있게 즐기겠습니다 ,digital
배달이 잘 와서 좋았습니다  감사합니다 ,digital
배송이 빨랐습니다  기대가 많습니다 ,digital
배송이 빠르고 좋아요,digital
저렴히 잘 구매했네요,digital
신랑대신 주문했는데 오프라인보다 저렴하게 잘 구매했네요,digital
맵 찾는게 어렵지만 게임 자체는 재미있습니다,digital
배송 빨리 도착했습니다,digital
매우 재미있습니다   ,digital
음   플레이 못하고   안하고  당근행,digital
게임샵 가려다 여기서 구입 재미있어요,digital
빠른배송으로 정말 재미있어여 ,digital
감사합니다 저렴하게 구입 했어요,digital
매우 만족합니다 좋아요,digital
저렴하게 잘샀어요 너무좋아요  ,digital
잘도착했구요 게임 재밌습니다 ,digital
빠른배송좋아요 재미있게 하고 있어요,digital
기대이상이네요  즐겜  ,digital
저렴하게 사서 맘에듭니다,digital
아직 안했지만 좋은 가격에 구매했어요 ,digital
남편이 하는 게임이라 주문해 줬어요   ,digital
예구 후 긴 기다림 끝에 받아 재미있게 하고 있습니다 ,digital
예약하고 기나긴 시간이 지나 드디어 받았습니다 감사합니다,digital
빠른배송에 제품도 좋습니다 ,digital
잘받았습니다 재미있습니다,digital
배송 빠르고 좋습니다 ,digital
해보지는않았지만저렴하게샀어요,digital
빠른배송 감사합니다,digital
빠른 배송 감사해요,digital
배송이 빨리와서 만족했어요,digital
믿고사는 업체입니다,digital
생각보다 재미있습니다,digital
쿠폰쓰니 저렴햐 가격 빠른배송 감사합니다 ,digital
오랜기다림에 결국 받았네요 좋아요,digital
요즘 이 게임에 빠졌습니다 만족,digital
배송빠르고 좋았슴다 ,digital
만족합니다  빠른배송 감사합니다 ,digital
배송 잘오고 좋아요,digital
잘옴상태좋음 즐겜,digital
매우 만족 합니다 ,digital
좋아요잉      ,digital
빠른배송 고맙습니다  원래  월  일 출고로 알고 있었는데 예상보다 일찍 보내주셨네요  아이 생일 선물로 미리 준비한건데 특전 스틸북도 누락되지 않고 잘 왔네요  스틸북은 칩을   개까지 수납할 수 있어서 실용적이고 퀄리티도 좋네요  아이가 정말 좋아할거 같습니다    ,digital
    까지 구매 시 스틸북 증정이라고 명기된걸 보고 구매했습니다  오늘 받아보고 타이틀만 달랑 있어서     보니   일 오전에 행사 종료되어 미증정이라네요  이럴꺼면 배송 더 빠른 다른데서 샀죠 상품 구성에 변경이 있으면 제대로 안내해주셔야하는거 아닌가요  지금은 상품설명 내용도 바뀌어서 확인도 못하네요 답답합니다    ,digital
특전상품   일 주문시 주기로 했었는데 특전없이 알맹이만 왔네요 판매자는   일 오전에 바꿨다고 하네요   거짓말 엄청 하시네요 저말고도 특전상품 기다리는 사람 엄청 많을텐데요   일 오전에 바꿨다고요  거짓말을 그렇게 하시면 안되시죠 다른데서 구매도 못하게 하고 시간은 엄청끌고 장사 똑바로 하세요,digital
다른사람 문의 답변 중에     일 주문건까지 사은품 증정된다길래   일 오전에 결제완료 했는데도 사은품이 다 떨어져 일반배송으로 진행된다고 답변 받고나서부턴 기운이 쫙 빠졌습니다  배송은 빨리 왔어요 ,digital
아이 생일선물로 예약구매했는데 생각보다 일찍 배송돼서 아이가 많이 좋아합니다  사은품인 스틸북도 괜찮네요 ,digital
여기선 절대 사지마세요 별점  점을 주고싶은데 최소  점은 줘야하는것도 화나네요   일 이전 결제완료시 설 연휴 이전에 보내준다더니 은근슬쩍 설 연휴 끝나고로 날자를 바꾸더라고요  그 사이에 차라리 당근마켓에서 구매해서 즐기고있고 오늘 받은 상품 그냥 팔아버렸습니다 다신 여기 이용안항거같네요,digital
아이가 너무 재밌게하네요,digital
애 어린이날 선물로 사줬는데 하루종일 이것만해서 게임칩 숨겼어요  엄청재미있나봐요  저도 몇번해봤는데 포켓몬 잡는재미가 쏠쏠하네요  오늘 학습지 풀면 게임칩 다시 주기로했는데 공부좀 하고 게임했으면   ,digital
요즘 포켓몬에 빠져 포켓몬 카드만 사달라고하여 사전예약으로 게임을 사 더니 아이가 너무 좋아하고 재미있게 하네요   사전예약으로 스틸북도 받아서 더욱 좋았습니다  사은품으로 받은 스틸북에 게임을 언제 다 채워줄수 있을지 모르겠지만 스틸북 자체가 이쁘고 좋아요  게임도 그래픽이 좋은건 아니지만 음악이나 스토리 자체는 잔잔하니 아이들이 즐기기에 적당한 게임같습니다  요즘 다른 게임은 안하코 포켓몬 잡는데 몰두하고 있습니다  덕분에 저도 포켓몬 종류도 많이 알게되고 겨국엔 포켓몬 도감이라는 책까지 사게되었습니,digital
중간에 휴일이 껴서 한  일정도 걸린거 같아요 기존 시리즈들이랑 달라서 재밌습니다 큰화먼으로 하면 그래픽이 좀 떨어지기는한데 젤다느낌나고 재밌어요,digital
아 정말 한달넘게 기다려서 받았네요    아들 크리스마스 선물을 이제야 줬으요 택배파업으로 한달넘게 택배가 안오는데 어찌어찌 주소 바꿔서 겨우 받았어요    아직 사용전이지만 잘 될꺼라 믿으며 스틸북도 깨끗하게 잘 왔습니다 ,digital
아이가 사달라고해서 사전예약하고 구매했어요 마침 이벤트로 쿠폰도 적용되어서 최저가로 구입했고요 사은품인 스틸북도 잘 왔네요  구매특전으로 시리얼코드  있어서 의상도 받았다고 아이가 좋아해요   ,digital
설연휴 전에 오길 기다렸지만 택배물량때문에 어쩔수없이 늦게 받았네요    하지만 만족합니다  ,digital
아들이 엄청 기다렸는데   게임은 다행이 멀쩡한듯 보이는데    사은품 케이스 다 찌그러져서 왔어요  ,digital
잘받았습니다  별의 커비랑 같이 주문했는데 따로 오네요    아이가 좋아하겠어요  요즘 포켓몬에 푹   빠져서는 마트에 게임도 하러가야되고 포켓몬고에서 포켓몬도 잡으러 다녀야하고 학교도 다녀야하고 학원도 다녀야하고 너무너무 바쁜 우리 아들이네요    이번에 포켓몬 영화를 보고왔는데 아르세우스에 관심을 많이 보이네요  영화보고나니 포켓몬 얻는 코드도 줘서는 아르세우스까지 구입하게됐네요  렛츠고 피카츄 아이랑 재밌게 했는데 이것도 같이 한번 해볼려구요  새로운 포켓몬도 많이 나왔으니 아이랑 같이 많이많이 잡,digital
초  딸아이가 유튜브로 포켓몬 아르세우스 플레이 하는 채널을 자주 즐겨보고 있었다   아빠가사줄까    아니  별로 재미없을것 같아  이녀석 아빠 용돈이 적다는 사실을 알고 관심 없는척 하는것이리라  마침    에서 좋은 조건으로 판매 하길래 구매해놓고 모르는척 책상에 두었다  하교 후 책상을 본 딸아이는 뭘 이런걸 샀냐며 내심 기뻐하는 모습이었다  그날 이후 내가 퇴근 하기 무섭게 오늘은 어디에서 어떤 녀석을 잡았고 어떻게 생겼으며 어떤 특징이 있는지 종알종알 거린다      덕,digital
포켓몬스터 레전드 아르세우스 매우 재밌어합니다  시종일관 닌텐도스위치 하느라 주말이면 방콕하는 아들 그래도 행복해하니 된거죠 한참 즐거운 시간 보내고 있네요,digital
아주아주 좋습니다  많이 파세요 아주아주 좋습니다  많이 파세요 아주아주 좋습니다  많이 파세요 아주아주 좋습니다  많이 파세요 아주아주 좋습니다  많이 파세요 아주아주 좋습니다  많이 파세요 아주아주 좋습니다  많이 파세요 아주아주 좋습니다  많이 파세요 아주아주 좋습니다  많이 파세요 아주아주 좋습니다  많이 파세요 아주아주 좋습니다  많이 파세요 아주아주 좋습니다  많이 파세요 아주아주 좋습니다  많이 파세요 아주아주 좋습니다  많이 파세요 ,digital
와    드뎌 얻은 레전드 아르세우스 포인트랑 마일리지 딸딸 끌어모아 아주 저렴하게 얻어서 더 기분좋아요   ,digital
감사합니다  택배파업때문에 진짜 힘들었는데  택배사 변경까지해서 배송해주신 점 정말 감사드려요   비록 늦게 왔지만 판매자 원인이 아닌 택배사 파업이니 이해합니다   그래도 배송이 되도록 노력 및 조치해주셔서 감사합니다 예약 특전까지 무사히 도착했습니다 이제 즐겨야겠어요  감사합니다,digital
빠른배송 고맙습니다  원래  월  일 출고로 알고 있었는데 예상보다 일찍 보내주셨네요  아이 생일 선물로 미리 준비한건데 특전 스틸북도 누락되지 않고 잘 왔네요  스틸북은 칩을   개까지 수납할 수 있어서 실용적이고 퀄리티도 좋네요  아이가 정말 좋아할거 같습니다    ,digital
요즘 저렴하게 구하기가 힘들다던데 여기서 저렴하게 구했습니다,digital
아이 선물로 구매했어요  아주 좋아합니다    엔딩이 있고 나서 한번 더 엔딩이 있다나봐요  예약구매로 구매했었는데  예약 특전이었던 게임칩 보관 북이 좀 부실해서 아쉬웠어요  안에 스폰지가 부실해서 제대로 잡아주지 못하고 얼마안가 칩이 빠지거나  케이스를 열 때마다 우수수 쏟아지네요  게임 자체는 만족합니다  ,digital
덕분에     카드도 하나 만들었습니다  이왕 쓸카드 아들 생일선물 사는데 엄청할인받고 좋네요  배송은 뭐   워낙 품절 사태였던지라    일 아무렇지도 않게 기다렸고  의상세트 코드도 들어 있어서 기분 좋네요  다른 판매처에서 대기도 걸어놨었는데 심장 쫄깃하며 취소 시켰네요  이마트몰이 역시 빠르긴한가봅니다  거기서 내내 기다렸다면 아마 생일선물로 주기도 힘들었을것 같아요  아이가 넘 좋아라 합니다  좀 어려워 보이기는 하는데 이또한 노력이 더해지기를요 ,digital
게임은 잼있 는것 같기도 하고 그냥 할만해요 근데 참 그래픽이  좀 그래요 그래픽이 다는 아니지만 좀 너무하다 싶은게 많네요 허접하다 해야되나   많이 팔리는 이유는 있는덧 같네요,digital
두달정도 기다린 보람이있네요 크리스마스선물이였는데   올해 초 아들이 너무너무좋아해요 너무너무 재밌다고하네요,digital
닌텐도스위치 포켓몬스터 레전드 아르세우스 사전예약으로 구매하여 오늘 받았습니다  배송이 너무 늦어져서 불편했는데 그래도 받을 수 있어서 다행입니다  배송이 늦어진것 말고는 괜찮습니다 ,digital
맘에들어요 아이가 좋아해서 더 기쁘네요 사은품소진되서 못받았지만 그래도 재밌다니 긴방학 알차게 보낼 수 있네요,digital
구매확정 안했는데 벌써 자동으로 되었네요  리뷰 안쓰려다 할말만 하려고 씁니다 판매자님 이렇게 판매하지 마세요   일 오전에 구매했는데 특전 못 받았고 배송은  주 넘게 걸렸네요 물론 설이 있어서 이해는 하지만  일에 출고 되고  일간 안 움직이다가 거짓말처럼   일 지나고 움직여 하루만에 도착했네요  누군가가 재고 없다고   일 발송이라고 연락왔다는 문의글 봤는데   그냥 재고 없어서   일 발송이라고 하시던지 끝까지 정상출고 되어 택배 문제라고 하신 것 같아 기분이 나쁘네요 아주많이   택배문제가 사실이면 참 좋겠네,digital
명절전에 주문했는데 거의  주만에 도착했어요 명절끝나고 바로 발송된것도 아니고 택배사때매 또 하루 늦게 받았네요 운이 안좋았다고 생각합니다만 다시는 이런 게임류는 온라인구매는 안하려 마음먹었습니다 오프라인 추천합니다 ,digital
포켓몬에 빠져있는 아이에게 이만한 게임이 없어요  시간 가는줄 모르고 게임하네요    난이도는 초등  학년이 하기에도 그리 어렵지 않았어요 ,digital
아이가 너무 좋아하고 재미있어해요  의상세트 선물도 있어요 ,digital
  월  일에 주문하고 오늘  월 일에 배송받았습니다  이게뭐라고 겜돌이 좋아하네요  크리스마스 선물로 방학 잘보냅니다  칩케이스도 잘왔어요 ,digital
대형마트갔더니 품절이라 구매할수도 없고 조금 저렴한 가격에 사전예약하고  주기다린 보람있네요   아들렘이 무척좋아할듯요  스틸북도 맘에 들어요   ,digital
설지나고 나서 받았지만 기다린 보람이 있네요 예고한대로  월 일 배송 왔습니다,digital
아이가 너무 좋아합니다,digital
배송 빠르고 저렴하게 구입했어요,digital
잘 받았습니다    ,digital
아이가 너무 좋아하네요 ,digital
아들이 넘 갖고 싶다고 해서 구매 함 재밌다고 합니다 ,digital
월요일 발송 목요일 수령 다른곳은 다음날 받는데 신세계몰은 배송기간    일 이네요  개주문하면 봉투배송이라 파손되면 교환 받는데도  주 걸리고   ,digital
이 리뷰를 보시는 분은 여기서 사전구매 하지 마세요  사전구매의 개념을 모르는 곳입니다  별  점도 아깝습니다  일정 맞추려고 노력하는게 아니라 안될거 같으니까 판매 문구만 은근슬쩍 수정하고 어떠한 사전 안내 및 공지도 없습니다  이미 구매한 사람은 그 이전 버전으로 문구가 나오는걸 아시는지 모르겠지만     취소도 못하게 송장만 생성해놓고 연휴 동안 놀고 먹을 생각하는 곳입니다      답변도 무성의함 그 자체입니다  두번 다시 여기서 사전구매 안합니다 ,digital
타이틀 잘 받았습니다 재밋게할게요  ,digital
설 전에 물건이 도착했으면 더 좋았겠지만 미리 고지하셨던 부분이라 기다렸어요 스틸북예쁘네영  ,digital
최악  사전예약이라고 해놓고선 일주일 뒤에 배송되었음  악랄하게 다른데서 주문하면 받을 수 있는 시간이 충분하게 있었는데  그것마저도 못하게 배송중으로 상태를 변경하여 배송 시작 문자가 와서 제품이 올것만 같이 세팅을 해두고 취소조차 할수 없게 만들어두었음  특히나 제품이 배송시작 되었다고 문자가 와서 가만히 있다가 배송 상태가 변하지 않아 문의 했더니 송장 출력해두고 패키징 해둔상태라 취소가 불가능하다고만 했었음  그럼 패키징 하고 물건을 배송해야지  하지도 않으면서 취소도 안되게 만들어둔거임  ,digital
배송이 상당히 아쉬운 상품이예요  안내했던 배송 문구도 많이 달랐고     그래도 조카가 참을성있는 아이라 그 긴 연휴에도 잘 기다려주어 오늘 드디어 선물할수있게되었습니다  선주문기간은 도대체 왜있는지 아직도 의문이 들지만  거짓말쟁이 고모에선 벗어나야겠네요 ,digital
아이들이 재미있게 놀았어요 ,digital
빠른 배송 좋은 상품 감사합니다,digital
할인받아서 잘샀어요   ,digital
최고의 포켓몬 닌텐도 짱,digital
늦게 온건 맞지만 그래도 재미있게 게임을 즐기고 있습니다  스틸북도 맘에들고요 혼자한다는게 조금 그럴수 있지만 그래도 잘짜여진 스토리와 재미를 느낄수 있을거 같네요 구매하여 즐기시면 좋겠네요   ,digital
배송도 빠르고 포장도 꼼꼼하게 와서 좋았습니다,digital
생일 선물로 원해서 구매했어요 초등아들이 넘 좋아해요,digital
포켓몬이 인기라서 아이 선물로 줬는데 마리오만큼은 재미가 덜 하다고 하네요,digital
초등아이선물로 준비했는데  아이가 좋아하네요  좀더 할인받아서 구매하였어요  포장도 꼼꼼하게 왔어요 ,digital
조카 생일선물인데 좋아합니다,digital
좋아 정말좋아 굿이야,digital
남편이 사고싶어 했던 게임인데 한참 못구할때 여기서 재고 있어서 시켰어요 두개사서 같이하는중,digital
매우 만족합니다 좋아요,digital
아이가 가장 좋아하는 게임이네요   어른이 해도 잼있어요   세 아이가 몬스터 잡는 재미에 푹 빠져있어요 ,digital
몬스터 잡으러 다니는 재미가 일품이네요 다 잡아 줄거랍니다 귀여운 몬스터가 많이 나와서 좋아요,digital
아이가 너무 좋아해요 사은품도 좋네요,digital
잘쓰고 잇네요 뭐 더니상,digital
일쟁이는 사놓고 아직도 켜보질 못했어요   사전구매 특전 받아야 하는데    남들은 이미 스토리 다 깨고 다른 거 하는데   ,digital
너무 재밌습니다 제가알던 포켓몬이랑은 다른맛이네요    ,digital
그래픽적인 부분이 브릴리언트 다이아먼드 보다 나아진것 같음 포켓몬 잡는 방식이 변화한 부분은 별로임 다양한 시각적 연출은 아직도 타게임에 비하면 부족한듯,digital
배송이  일 걸  지만 잘받았습니다 봉투 배송도 복불복인게 아쉽네요,digital
뭔가 슬슬 한게임에 집중하고 싶은데 이놈이 됐으면 합니다,digital
와우  닌텐도스위치 게임중 최고예요  너무 너무 재미있어요  추천합니다,digital
원하던 타이틀을 구매하게 되어 매우 만족합니다  재밌게 즐길께요 ,digital
몬스터 잡으러 다니는 재미가 일품이네요 다 잡아 줄거랍니다 귀여운 몬스터가 많이 나와서 좋아요,digital
아이가 목이 빠지게 기다리던 제품이 드디어 도착해서 무척 기뻐했답니다    사은품으로 주신 게임팩 정리 케이스도 마음에 들구요  빨간색이 아주 예쁘더라구요 ,digital
출시된 후에 설이 겹쳐 있어 설 지나자마자 받았다고 하더라구요  사은품으로 주신 빨간색 닌텐도 칩 케이스는 유용하게 사용할 수 있을 것 같고 예쁘다고 좋아했습니다 ,digital
잘받았어요   아주 좋아요  근데 비닐포장에 붙은 시리얼코드랑 케이스내 시리얼 코드가 다르던데 같은 의상코드인건지 다른코드인건지 차이인지 모르겠네용    ,digital
초 되는 딸아이인데   방학기간이고 이걸 선물받고싶다고 구정에 그래서 주문했는데   이틀만억 받았어여  배송 빠르네여 순차배송이였을건덕 감사드립니다,digital
연휴 끝나자마자 다음날 바로 도착했네요 다른 사은품보다 스틸북이 훨씬 나은듯 게임 재미있어서 시간 가는줄 모르고 하고 있어요 빠른배송 감사합니다,digital
설 끝나고 바로 배송 되어 아들이 너무 좋아 하네요  사전예약으로 사은품도 받고 너무 좋습니다  빠른 응대 및 배송으로 너무나 좋았습니다  많이 판매 하세요 ,digital
아 이거 아들이 사달라해서 사줬는데 제가 봐도 역대최고인거 같아요  다만 야숲하고 좀 유사해보인다는거  근데 다들 야숲처럼 왜 못하냐고 했잖아요    ,digital
아들 녀석이 넘 재미있답니당   역대 최고라고   설연휴 끝나자마자 바로 왔어요 배송에 신경 많이 써 주신 듯    감사합니다 사전예약 선물도 생각보다 크고 이뻤어요 대만족입니다   ,digital
사은품  본품 하자 없이 잘 왔습니다  배송도 빨리 와서 만족이요   ,digital
설연휴때 주문해서 배송은 조금 기다렸지만 할인 쿠폰있어서 저렴하게 잘구입했어요,digital
스틸북 이쁘네요 가오레보다 실용성면에서 좋아요 게임 잘받았습니다 감사합니다 ,digital
연휴 중에 시켰는데 바로 도착했어요 스틸북 엄청 예쁘네요 기스난 곳도 없고요 ,digital
  일 주문하고  월  일 배송 받았습니다   잘 보내주셔서 감사합니다 ,digital
좋습니다 추천합니다,digital
아이가 너무 좋아합니다  재미있대요,digital
배송이 빨라서 좋았어요 ,digital
아이가 너무 재밌게 하고 있어요,digital
아이가좋아하고 잘하네요,digital
게임  지만 이야기 풀어가는 좋은 게임,digital
배송 진짜 빨라서 좋았고 상품 이상없습니다,digital
쓱배송 좋아요 자주 구매합니당,digital
쓱배송 좋아요 자주 구매합니당,digital
재밌게 잘하고있어요  ,digital
닌텐도 피파 축구는 처음 해보는데 괜찮네요,digital
아이가 너무 좋아합니다  ,digital
최고예요 ,digital
리뷰 점수가 낮아서 살짝 걱정했는데 물품 너무나 안전하고 단단한 박스에 넣어서 잘 도착했어요  정말 빠른 배송이라 너무 만족했습니다  최고 최고 ,digital
아이가 원해서 샀는데 소닉은 게임을 안해요,digital
좋은상품 좋은가격 고맙습니다,digital
박스 옆에 찌그러진 거 빼고는 제품 양호하게 잘 왔습니다,digital
잘받았어요감사합니다 ,digital
딸아이가 아주만족해합니다 ,digital
아들이 매우 좋아합니다 온라인 게임은 채팅이 매우 불안한데 콘솔은 건강한게임이라 좋습니다,digital
생각보다 빠르게 받았습니다 ,digital
아들이 좋아합니다 감사합니다  ,digital
배송이 빠르고 서비스와 품질 모두 만족합니다 ,digital
최고예요 ,digital
가족이 함께 모여 아이들과 하기엔 이 제품이 최고라 생각해요    가지나 있는 미니게임들이 정말 재밌네요 아이들도 너무나 좋아합니다 ,digital
아주좋아요 좋습니다,digital
아이가 좋아하는 게임 샀네요,digital
아이가너무좋아해서 다행이에요,digital
최고예요 최고예요 최고예,digital
너무 재밌어요 감사해요,digital
아이가 좋아해요 최고,digital
매우 만족합니다 재밌어요 굿,digital
혼자하면 재미가 떨어지지만 아이들과 같이하면 더 재밌어요,digital
닌텐도 처음 사면서 마리오 사봤는데 엄청 재미있어요 미니게임 많아서 좋아요,digital
드디어 친구랑 같이 해요   ,digital
아이가 너무 좋아해서 예약구매했어요 사은품까지주니 더 좋네요 게임도 다양하고 좋아요,digital
마리오는 아주 재미있씁니다 하지만 스위치는 나랑 안맞아요,digital
잘받았습니다 상품 좋아요,digital
아이가 재미 어하네요,digital
배송 빠르고 저렴하게 구입했습니다,digital
어린이날 선물로 구매 아이가 너무 신나하네요,digital
동생하고 저랑 각각 스위치를 갖고 있는데 동생이 이 게임 구매했길래 한번 같이 해봤는데 재밌길래 제껄로도 구매했어요  정말 안질리는 게임 ,digital
예약 하려고 오래 기다렸어요   재밌게 하렵니다   ,digital
만족스러운 구매입니다  ,digital
가족이 함께 모여 아이들과 하기엔 이 제품이 최고라 생각해요    가지나 있는 미니게임들이 정말 재밌네요 아이들도 너무나 좋아합니다 ,digital
매우 만족합니다 좋아요,digital
매우 만족합니다 좋아요,digital
매우 만족합니다 좋아요,digital
매우 만족합니다 좋아요,digital
매우 만족합니다 좋아요,digital
매우 만족합니다 좋아요,digital
배송 좋아요 굿이에여,digital
기본중에기본이죠   온가족 너무신나용,digital
아이가 좋아합니다  빠른 배송 최고입니다 ,digital
매우 만족합니다 좋아요,digital
온가족이 함께모여 오손도손 웃으며 하고있답니다  정말 즐거워요,digital
좋아요    좋아요 ,digital
빠른배송 감사합니다  ,digital
유툽에서 우현히 알게되어 구매했어요  정말 알찬구성으로 애들 방학동안 심심하지 않게 보낼수 있어요 ,digital
잘 받았습니다 아이가 좋아해요,digital
크리스마스 산타선물로 준비했어요  아이가 너무 좋아하고 게임이 정말 재밌네요  최고의 선물이라고 좋아합니다  다만  너무 빠져서 고민이라는점  ,digital
크리스마스 선물로 지난 금요일에 주문했는데 월요일 발송에서 멈춰있다가 수요일에 움직이기 시작해서 목요일에 받았어요  마음은 많이 졸였지만 예정된 배송일에 받아 다행입니다,digital
매우 만족합니다 좋아요,digital
매우 만족합니다 좋아요,digital
첫째랑 둘째랑 난리 났어요 재밌다고 난리난리 이런 난리도 없네요   ,digital
배송빨라요 아이가 좋아했어요,digital
배송 빠르네요 게임도 잼잇게햇어요,digital
마리오가 진리지요  ,digital
배송도빠르고 조아요,digital
배송도 빠르고 저렴하게 구입이요,digital
어린이날 선물로 너무 좋아요,digital
좋은 가격에 잘샀어요  ,digital
애들 방학때 심심할때 같이 하고 싶어서,digital
잘하고있어요 재밌어요,digital
저렴하게잘 샀습니다    굿굿,digital
배송빠르고 저렴하게 구입,digital
배송이 빠르고 저렴하게 구입했습니다,digital
배송빠르고저렴하게구입했어요,digital
배송빠르고 저렴하게 구입이요,digital
잘받았습니다  상품에 만족합니다 ,digital
저희 아이가 갖고  은 걸 잘 산 것 같아요  ,digital
좋아요 다음에 또 구입할께요,digital
기존의 마리오파티랑 다르게 다른 맵이라는 생각 때문에 재미있게 즐기고 있어요 ,digital
국전에서 사다가 신세계몰도 가격이 좋아서 사봅니다  애기랑 종종하는 최애게임이에요 ,digital
비싸지만 재밌어요 아이가 좋아하네요,digital
매일 사용하고 있습니다  크기도 적당하고 무게도 적당합니다  주변분들에게 추천합니다 ,digital
잘받았습니다  아직 게임을 해보지 못했지만 재밌겠죠,digital
아이 크리스마스 선물로 준비했습니다    아직 뜯어보지는 못했지만   아이가 가지고 싶어하던거라 좋아할듯요  ,digital
괜히 샀어요  저까지 중독됐습니다 ,digital
생일선물로 예약하고 받은건데 아이가 좋아합니다 단순한 게임이 많아서 개인전으로 해도 잼있네요,digital
아이가 좋아햐요  ,digital
재구매률    퍼입니다,digital
좋아요 너무 좋아요,digital
크리스마스선물    너무 좋아합니당,digital
아이들이 엄청 좋아해요   아이들이 좋아하니 저도 좋아요  ,digital
잼나게 하구있어요 다른것두하구싶음,digital
재미있어요 자주합니다,digital
아이들이 넘 좋아하네요,digital
재미있다고 좋아합니다  감사합니다,digital
딸이 너무좋아해요 이제  살딸이예요,digital
배송도 빠르고 항상 좋아요 ,digital
마리오파티 슈퍼스타즈 좋아요,digital
잘 사용하고 있습니다,digital
집에 파티 게임으로 하기 좋은 게임,digital
자주 구입하는 상품입니다,digital
딸이랑 매일  시간씩 주사위돌리고있네요   재밌어요,digital
크  존잼이네요 여러명에서 하니깐 너무 재미이썽요,digital
아이가 완전 좋아해요,digital
미니게임이    가지라 재미있어요,digital
좋아요 잘받았습니다  ,digital
재밌어서 아이들이 푹 빠졌어요,digital
빠른 배송 감사 합니다,digital
좋아요 좋아요 좋아요,digital
저렴하게 구매했습니다 ,digital
배송은 빨랐고 에어캡 봉투에 담아서 보내주셨습니다  예구시 스벅 기프티콘 증정 있었는데   월  일에 보내주신다고 하는거 같네요,digital
빠르고 안전하게 잘 도착하였습니다 ,digital
빠른 배송 감사합니다 ,digital
빠른 배송 굿입니다,digital
빨리 왔고 상태도 좋았어요,digital
재밋게 게임중 기기,digital
예상대로 잼있어여 ,digital
기다렸지만 잘 받았어요,digital
잘받았습니다 굿굿굿,digital
기다리던 타이틀인데 빠른 배송 감사합니다 ,digital
발매일 맞춰서 제때 도착해서 완전 만족합니다  게임은 기대했던 대로라 더 좋았습니다,digital
최고예요 ,digital
최고예요 ,digital
최고예요 ,digital
제품 소개에 분명  월   일부터 순차 출고라는 언급이 있었음에도  월  일에 운송장 조회가 되는 바람에 혹시라도   일에 도착하지 않을까 기대를 많이 했기에 그리고 밤 늦게까지 택배가 계속 움직이질 않고 있었기에 그 부분에서 다른분들도 그렇고 저도 실망이 좀 있었어요  그래도 다행히 새벽에 이동을 해서   일인 오늘 받아보았는데요  아직 플레이 해보진 않았지만 제가 겪은 해프닝을 공유해드려서 다른분들도 참고하시라고 부랴부랴 리뷰 작성해요 처음에 택배 받고 설레는 마음으로 의자를 펼쳤는데   로고가 의자,digital
        결제했습니다   월   일에 순차적으로 발송한다고 했는데 적혀있는대로 정확히 왔습니다  도대체 문의글에 빨리 안보낸다고 난리치는 사람들은 뭔지 모르겠네요   월판매글부터 계속 그렇게 적혀져 있던 내용인데  예구를 처음 해보나  받는 사람마다 택배사 오는 시간도 다 다를텐데  난리도 이런 난리가 없군요 ,digital
갓겜입니다  이거하느라 늦게자고 늦게일어나서 회사를 몇번이나 택시타고 간지 모르겠습니다   ,digital
스플래툰  재미있어요,digital
상품이 오지도 않았는데 자기들 마음대로 배송완료 처리함  관련 문의했더니 다른사람이 가져갔다고 함      영상 있으니 확인하시고 환불 처리해주시고 담당자 연락주세요 ,digital
빠른배송 굿     의자도 굿  게임은 두말할 나위없이 베리 굿,digital
사전예약으로 구매했습니다 배송은 조금 느리긴 했지만 한글판 스플래툰이라 기대되네요  ,digital
갓겜 한 판당 플레이 시간도 짧아서 가볍게 하기 좋습니다,digital
 닌텐도 스위치  스플래툰   칩카드 동봉 패키지      ,digital
친구랑 함께 하려면  년 구입권을 또 가입해야해서 당황했네요,digital
아이가 너무 기다린 게임이에요  추석연휴 끝나고 바로 배송되서 너무 좋았어요  아이가 너무 좋아합니다  의자도 너무 귀여워요 ,digital
가격대비 배송도빠르고 좋아요,digital
배송도 빠르고 좋아요  ,digital
배송이 추석 연휴가 걸려서 오래걸렷음,digital
배송도 빠르고 잘받았습니다,digital
배송빠르네요  기대중인데 잼게해야겟네요  ,digital
발받았어요 굳    좋,digital
 월  일 배송 시작 했다고 문자가 떳는데 추석연휴를 제외 하더라도  월   일 도착은 좀 너무 한거 아닌가 싶네요  ,digital
배송도 빠르고 저렴하게 구입했습니다,digital
배송도 빠르고 저렴하게 구입했습니다,digital
아이가 좋아해요 재미있다고 하네요,digital
배송빠르게 잘 받았습니다 아이들이 좋아하네요 ,digital
배송 빠르고 좋아요 강추합니다,digital
좋아요 잘받았습니다,digital
빨리 받아볼 수 있어서 좋았어요 ,digital
배송이 너무 너무느린거빼고는 맘에듭니다,digital
배송 빠르고 저렴합니다,digital
배송 빠르고 좋아요 재밌어요,digital
싸게 잘구했습니다  게임자체도 정말 재미있네요,digital
빠른배송 감사합니다  잘사용중이예여,digital
배송도 빠르고 저렴하게 구입했습니다,digital
또 선물해야겠어요,digital
며칠동안 미친듯이함,digital
가족들이 좋아합니다 ,digital
아이가 그다지 좋아하지는 않아 아쉽네요 ,digital
손녀가 매우 만족해합니다 ,digital
기다리던 제품이라 너무 좋아요 ,digital
열심히 재밋게 하고 있습니다,digital
아이가 진짜 좋아해요  아이만   ,digital
뭐 오긴 했는데    드럽게 느리게 옴,digital
잘 사용하고 있어요,digital
저렴하게 잘 샀어요,digital
빠른배송 감사합니다,digital
아이랑 하기 너무 좋어요 잼나요,digital
만족해여 졸아요 굳,digital
최고로 좋습네다   아요,digital
쉬는날이 많아서 배송이 늦어져서 어쩔수없는 부분말고는 좋음,digital
최고예요 ,digital
사전예약이라 오래 걸리긴 했네요  발송은 일찍 되었으나 택배사에서 시간이 좀 걸렸어요,digital
잘됩니다 사은품의자는 사이즈가 작기는하네요 게임도 잘되고 좋습니다 ,digital
배송빠르게받았어요 ,digital
빼송이 빠르게 왔어요,digital
아직 사용전 배송빠릅니다,digital
말해모함 존잼이쥬  ,digital
재밋게 잘하고있습니다 감사합니다,digital
게임이 좀 어렵다고 하네요 ,digital
매우 만족합니다 좋어요,digital
좋아요 잘받았습니다,digital
잘구매했어요  배송이 좀 느려요,digital
배송 빠르고 좋아요 ,digital
배송도 빠르고 좋은 상태로 받았어요 ,digital
스플  기다린 보람이있내요  ,digital
잘 받았습니다 연휴전날 출발해서   늦게 받았네요,digital
아이가 무척 좋아해요 잘 샀어요 ,digital
잘 받았습니다    ,digital
만족  이다,digital
하자없이 잘 받았습니다 ,digital
택배가 느려요  예구했는데   일에 받았네요 ,digital
사은품도 잘받았고 게임칩도 잘받았습니다 ,digital
잘 배송되어 왔습니다,digital
아주잘삿어요 만족합니다,digital
잘받았습니다  감사합니다 ,digital
물건도 좋고 잘 받았습니다,digital
최고예요 ,digital
최고예요 ,digital
최고예요 ,digital
배송빨랑  총알배송,digital
배송이 빠르게 왔고 가성비 좋아서 너무 만족합니다    쓱배송 짱,digital
카드할인받아 싸게샀습니다 닌텐도에 최고의 악세사리 프로콘 없어서는 안될존재입니다,digital
최고예요 ,digital
남친 선물로 사줬는데 아주 만족해하며 쓰고 있어요,digital
잘 받았습니다  배송 빠르네요 ,digital
빠른 배송 감사합니다 ,digital
빠른 배송 최고  포장도 잘되어 왔습니다 ,digital
생각보다 더 빠르게 도착했어요,digital
잘 받앗어요 닌텐도 정품 프로콘입니다,digital
배송빨랑  총알배송,digital
매우 빠르게 와서 좋습니다 최고에양매우 빠르게 와서 좋습니다 최고에양매우 빠르게 와서 좋습니다 최고에양매우 빠르게 와서 좋습니다 최고에양매우 빠르게 와서 좋습니다 최고에양매우 빠르게 와서 좋습니다 최고에양매우 빠르게 와서 좋습니다 최고에양매우 빠르게 와서 좋습니다 최고에양매우 빠르게 와서 좋습니다 최고에양매우 빠르게 와서 좋습니다 최고에양매우 빠르게 와서 좋습니다 최고에양매우 빠르게 와서 좋습니다 최고에양매우 빠르게 와서 좋습니다 최고에양매우 빠르게 와서 좋습니다 최고에양매우 빠르게 와서 좋습니,digital
조이콘은 진짜내구성이너무안좋고 특히나쏠림현상이심해서 지금껏구매한게  개정도는된거같아요 고치는것도스트레스고 그중몇개는 정품도아니라서고장나면그대로버려야하는데 값도싼게아니라여간스트네스가아니었다늣   그러다프로콘을샀는데 진작왜안샀나싶어요 조작이살짝헷갈렸는데 익숙해지니너무편해요,digital
생각보다 무겁고 묵직하네요  연결잘되고 좋은것 같아요,digital
이제 조이콘 분리안해도 되서 편리하고 그립감과 조작감이 매우 좋네요  ,digital
이거 쿠폰 써서 가장 저렴하게 구입했어용 제품은 완전 만족스럽습니다 ,digital
빠른배송 상품 만족,digital
오  드뎌 컨트롤러 구매  재미있게 하고 있어요   ,digital
이게 신세계몰의 잘못이라고 하긴 좀 그렇긴한데 리뷰를 쓸곳이 여기밖에 없어서 남깁니다    배송 상태는 받아본 중에 최악이었습니다 아들 크리스마스 선물로 주문했는데 내용물은 아직 사용하지 않아서 모르겠지만 기분은 정말 별로네요   제대로 작동이나 하련지 걱정이네요,digital
배송 빠르게 잘 왔습니다  잘 사용할게요,digital
일단 베터리 오래가고 넘잘되네요  기존 엑스박스패드사용하다가 프로콘 필요해서 샀는데 베터리오래가고 좋네요,digital
배송 짱 빠름  제품 조아요 ,digital
조이콘 보다 편하고 좋네요 전에 사용하던 호환 프로콘 하고 비교불가 역시 정품 프로콘이 굿이네요,digital
흡쪼오옥 합니다      년  월 제조된 물건으로 주셨네요  갈림방지는 아날로그 스틱에 절연테이프 얇게 붙여서 쓰고 있습니다  앞으로도 지금처럼 오래토록 잘 쓰면 좋겠네요  ,digital
배송도 빠르고 작동도 잘 됩니다  감사합니다 잘 쓸게요 ,digital
할인받아서 잘 샀어요,digital
배송도 빠르고 상품도 만족합니다,digital
배송 하루만에 도착했네요  제품이야 제조사에서 잘 만들었겠죠  만족합니다 ,digital
배송도 엄청 빨리와서 좋았어요   프로컨트롤러 제조일자가         꺼로 최근에 만들어진 걸로 와서 더 좋았어요  역시 그립감 엄청 좋네요  갈림방지 다들 하고 쓰시길 ,digital
스위치 구입하면서 조이콘 조작이 조금 불편해서 구입했어요  그립감도 좋고 좀 더 튼튼한 느낌입니다  갈림방지는 꼭 하세요 ,digital
  배송 주문 후 받는것까지 걸린 시간   일    해외직구인가   일쯤에 문의해보니 물량부족이라네요 배송지연관련 연락 하나도 없음    포장상태 뽁뽁이 비닐에 넣어져 있었는데 비닐을 마감조차 안한 상태로 그냥 넣어두기만 함 보통 이런 전자제품은 테이프로 꼼꼼하게 포장하는데 너무 대충포장했네요    쏠림현상 아직 사용전이라 쏠림현상 있는지는 모르겠으나 있으면 리뷰 수정해서 알려드릴게요    결론 여기서 사지마세요 다른 사이트나 오프라인매장가셔서 사세요 정가에 팔면서 할인하는것 처럼 속여서 파냐  ,digital
빠르고 좋아요 실리콘 커버도 잘쓸게요,digital
이제 드디어 가족이 모두 각각 프로컨트롤러를 가지게 되었네요  다툼이 없어졌습니다 ,digital
이마트는 정품일꺼라 생각하고 구매했습니다  가격이 비싸서 알리에서 풀스 패드 호환되게 해주는    가 있어서 사실 살 필요없었지만 사고나니 돈값은 하네요  그렇지만 쏠림현상등 내구성이 안좋다는 얘기도있고해서인지 잘안쓰게되네요  개인적으로 엑박 플스 닌텐도 패드중에 고르자면 닌텐도 패드가 누르는 맛은 젤 좋네요  라이트유저라면 궂이 살필요는 없다생각합니다 ,digital
조카가 좋아합니다  ,digital
선물로 산건데 받은사람 좋아하네요,digital
좋아요 잘받았습니다  ,digital
좋은 상품 잘 사용하고 있습니다 ,digital
빠른 배송 감사드리며 작동도 잘되네요  그립갑도 좋아요 ,digital
호환패드 보다 인식율 좋고  연결 잘되고 조이콘보다 그립감  성능 모든면에서 좋네요  다만 듀얼센스 가격인데  듀얼센스랑 비교하면 무게도 가볍고  만듦새도 뭔가 허접한 느낌입니다  닌텐도 스위치에선 선택지가 없으니 만족해요 ,digital
배송도 빠르고  조작도 편하고 너무 좋네요,digital
배송 빠르고 좋아요  ,digital
뽁뽁이도 최고 배송 최고 입니다,digital
너무너무 조아요 당근마켓에 팔았어요   ,digital
잘 쓰고 있습니다 좋아요,digital
배송도 빠르고 좋아요,digital
정말 좋습이다 게임하기 편해요  ,digital
빠른배송 감사드립니다  ,digital
오래 기다린 제품 두둥,digital
잘 받았습니다  감사합니다 ,digital
단품 재입고 기다렸는데 안들어와서 그냥 실리콘 케이스 있는걸로 주문했는데 만족합니다  끼울때 우는줄 알고 걱정했는데 아주 딱 잘들어 맞네요,digital
짝퉁 컨트롤러가 아니라 정품컨트롤러가 최고에요,digital
요거 편하고 좋네요   근데 너무 비싸요 콘트롤러가  만원 넘네요  ,digital
손목이 아파서 프로 컨트롤러를 구입 배송도 빨랐고 기능적으로는 조이콘과 똑같습니다   동숲 산갈치와 넙치 진동 차이도 느낄수 있을 정도  문제가 있다면    스틱이 조이콘보다 더 장난감같이 만들어져서 손가락이 좀 미끄러집니다  끼우는 실리콘 패드를 사야되나 고민이 됩니다       닌텐도 왜 이렇게 만들었냐   ,digital
저렴하게잘구매하고 잘되요,digital
배송 늦지 않고 제품도 맘에 드네요   ,digital
배송도 빠르고 제품도 좋습니다 강추해요,digital
배송이 정확히   일 걸렸네요,digital
금요일인데 배송해주셨네요 감사합 다,digital
보유한          로 잘 구입하였습니다  제가 구입할때와 달리 커버도 주고    ,digital
프로컨은 진동이 참좋은것같아요,digital
조악한 조이콘 쓰다가 프로콘 써보니 부드럽고 좋네요 제조일은     년  월 제품입니다,digital
배송 엄청빠르네요 쓱 배달이라그런지 프로컨트롤러는 정품을 써야죠,digital
최고입니다   년  월 제품이고 잘됩니다 충전도 작동도    ,digital
물품 받자마자 스위치에 연결해서 구동 해봤는데 쏠림현상이 있더라구요  정말 개같은 일이지만 반품신청하고 택배붙이기 귀찮아서       뿌려가면서 사용하려고 합니다  쏠림 현상 싫으신 분들은 다른 제품 저가형 프로컨트롤러 사는거 추천합니다,digital
빠르게와서 좋아요 ,digital
조이콘이 작아서 구입했어요  만족 ,digital
배송빠르고 제품 좋아용,digital
칸트럴러는 언제든 필요해요 좋네요,digital
프로컨 필수죠 독플레이할때는   좋습니다 배송빠르고,digital
조이콘보다 사용하기가 좋아서 아이들이 주로 프로콘을 사용합니다 ,digital
선물용으로 구입했어요  조이콘보다 그립감이 좋아 장시간 플레이에 맞습니다 ,digital
조이콘만 사용하다가 구입해 봤는데 확실히 게임할 때 편합니다  가격대비 가치 충분히 있는 것 같네요 ,digital
배송도 빠르고 포장도 잘 되어왔어요 ,digital
역시 너무 좋네요 닌텐도로 게임하실 분은 필수 입니다  얼른 사세요 두번 사세요 고민하지 말고 사세요 단  갈림방지는 꼭 하시구요,digital
아이가 좋아라 해요,digital
와이프용으로 구입  만족붕입니다,digital
갈림현상 있다고해서 고무줄 묶었어요 ,digital
불량 없이 잘 쓰고 있습니다 ,digital
좋은제품 잘샀습니다 ,digital
컨트롤러 살거면 역시 정품이 최고더군요 편하게 잘 사용중입니다 ,digital
배송 빠르고 좋네요,digital
프로콘 사고싶었는데 청구할인 행사할때 저렴하게 득템했네요,digital
정가보다 좀 더 비 지만 물량없을때 급하게 쓰긴 좋았습니다,digital
프로콘을 구하게되다니 감사합니다 꼬맹이가 좋아해요,digital
전면부에 사용한 것 같은 기스가 있어서 놀랬습니다  분명 새상품 같은데     공장에서부터 생긴 기스라 생각하고 쓰렵니다 ,digital
친구 생일선물로 구매했습니다  다른곳에서는 품절이라 오프라인에서 구하려고 했는데 여기서 구매할 수 있어서 너무 다행이에요 ,digital
아들이 너무 좋다고 하네요,digital
가격도 좋고 품질도 좋아요,digital
상품도 배송도 만족합니다 잘 쓸게요  ,digital
닌텐도를 사고  젤다를 안사는것은 모순입니다  당연히 나왔어야하고  또 당연히 플레이해야합니다  예약특전을 해서 와일드 북과 지도  그리고 스타벅스 텀블러를 받았습니다  텀블러엔 사이즈 상관없이 주문가능한 음료쿠폰이 들어있어서 기분이 좋아지네요 플스나 엑박의 툼레이더  호라이즌 제로던 등의 게임 등을 너무 좋아합니다  그렇지만 장시간 전철에서나    가 없는곳에서도 휴대모드로 위와 같은 대규모 모험게임을 할 수 있다는것은 큰 장점입니다  게다가 한국어판이란 말입니다  언어의 압박에서 벗어나게되,digital
아이들이 넘 좋아하네요  저렴하게 좋은 상품 구입해서 좋습니다,digital
배송은 적당했고  가겨은 괜찮은 편입니다 아이가 좋아합니다,digital
다섯개 묶음으로 와야하는데 따로따로 이렇게 왔습니다 게임 타이틀은 깨지기 쉽기때문에 하나라도 박스에 배송되어야 합니다,digital
스위치 라이트용으로 하나 더 구매 합니다   년간 플레이 하다 보니 처음 부터 다시 시작 하고 싶게 만드네요  처음 부터 다시 할 생각에 설레네요  ,digital
신랑이 임산부인 제가 심심해하니까 선물로 사줬어요  명성만큼 재밌지만    게임을 못하니까   조작이 생각만큼 되진 않네오    그래도 재밌게 했어요,digital
최고예요 ,digital
퀄리티 말해뭐해 고전은 영원하다,digital
별이 개고맙습니다 사랑합니다,digital
아이가 진짜 좋아함,digital
아주 만족합니다 배송 빠르고 좋아요,digital
닌텐도 스위치를 사면 이 게임은 꼭 해야 된다고 하더군요  그래서  개 구매해서 조카랑 열심히 즐기는 중인데   정말 재미있네요  구매를 잘 한 듯   천원 선불 번호도 들어있어서 다른 게임도 구매할 수 있게 된 점에 대해서도 감사드립니다    ,digital
배송이 생각보다는 좀 늦어서 아쉬웠습니다  받는 데 주문 흔 약 일주일 정도 걸려습니다  그렇지만 타 사이트와 비교했을 때 가격면에서 좋아    에서 구입하였기에 만족하며 현재는 게임을 잘 즐기고 있습니다  닌텐도  숍에서 다운로드로 구매 시 더 저렴하게 구입 할 수 있겠지만 명작을 쭉 소지하시거나 나중에 중고로 파시고 싶으신 분들은 꼭 게임팩으로 구입하시길 바랍니다 ,digital
포장 배송 다 좋았어요  게임도 너무 좋아요  젤다시리즈를 제대로 해보는건 처음인데 정말 재미있네요 ,digital
명작게임이라고 하길래 스위치 구매하면서 같이 구매했습니다  초반만 잘 넘기고  동영상 컷씬 나오는데부터 엄청 몰입되네요  재미있게 즐기겠습니다 ,digital
좋네요소장용으로하나샀어요    자를 쓰면응모할수있는게있네요 젤다의전설은 제겐추억이가득한게임이라 컬렉션중인데 브레스오브더와일드는 가격방어를너무잘해서 결국 제값주고사게되네요 닌텐도는 참신기해요 가격방어를어찌이리잘한데요   암튼그래도 여기가제일쌌어요 그러니 추천드립니다 아직   자남았네요 저녁먹어야하는데 오기로 굶어가며씁니다 근데 누구생각일까요 무슨리뷰를    자까지 쓰라고 누구아이디어일까요 아직도    자나 남았습니다 이제반입니다 암튼젤다는 닌텐도독점인데 닌텐도는 게임큐브때망,digital
자유도가 엄청나요  그래픽도 서정적이고 재미 있네요,digital
추석 끝나고 시킨거라 배송이 늦었어요 목요일에 주문 화요일 도착예정 떠있었는데 당일출고라 예정일 보다 일찍 올줄 알앗는데 정말 예정일에 도착했어요 다행히 닌텐도가 아직 안와서 기다리는데 괜찮았습니다 택배 뜯어보니 고급진 닌텐도칩케이스를 같이 보내주셔서 기분이 참 좋습니다 배송이 늦어져서 챙겨 주신건가 사은품은 생각도 못했는데 사장님 센스가 굿입니다,digital
생각보다 훨씬 배송이 빨랐어요      천원 선불번호도 잘 동봉되어 있고 포장도 좋았어요 닌텐도 스위치를 사면 꼭 사야하는 게임중 하나인데 직접 플레이 해보니 정말로 재밌습니다 자유도도 높고  그래픽도 깔끔하니 최고의 게임중 하나가 아닐까 싶네요 무조건 강추 드립니다 ,digital
아이가 좋아합니다 잼나답니다,digital
닌텐도를 사고  젤다를 안사는것은 모순입니다  당연히 나왔어야하고  또 당연히 플레이해야합니다  예약특전을 해서 와일드 북과 지도  그리고 스타벅스 텀블러를 받았습니다  텀블러엔 사이즈 상관없이 주문가능한 음료쿠폰이 들어있어서 기분이 좋아지네요 플스나 엑박의 툼레이더  호라이즌 제로던 등의 게임 등을 너무 좋아합니다  그렇지만 장시간 전철에서나    가 없는곳에서도 휴대모드로 위와 같은 대규모 모험게임을 할 수 있다는것은 큰 장점입니다  게다가 한국어판이란 말입니다  언어의 압박에서 벗어나게되,digital
아이가 재미있게 잘하네요  젤다는 더 말할게 없죠,digital
닌텐도 화면이 흐릿    먼지가 있는듯  ,digital
너어무 좋아요     굉장히 만족 합니다  ,digital
게임칩을 할인가격에 잘산것같아요,digital
아들이 넘 행복해하네요,digital
재밌어요  좋아요  ,digital
좋아요 재밋게 플레이 하고 있어요,digital
아이 선물로 구매한건데 잘 쓰고 있어요 ,digital
제엥에에에에엘다다다닫다닫,digital
남친선물 중에 하나로 골랐어요  당근에서 중고 찾고있길래 새로 샀습니다  몇시간씩 재미나게 하는거 같아요,digital
이건 안해보면 손해입니다 ,digital
믿고 하는 야숨  인정하는 바입니다,digital
아이가 좋아해서 샀어요 ,digital
아들이 재미있어해요,digital
배송 빠르게 잘 왔습니다  재밌게 할게요 ,digital
배송빨라요 총알배송,digital
좋아요 좋아요 좋아요 좋아요 좋아요 좋아요 좋아요 좋아요 ,digital
아이가 생일 선물로 잘라해서사요  출시된지 좀 된거같은데 아이들한테는 여전히 인기가 많네요 ,digital
배송도 빠르고 가격도 저렴하니 리뷰를 원래 안하는데 진짜 감사합니다  잘플레이할게요   많이파세요  ,digital
저렴하게 구입했어요 아이가 좋아해요,digital
딸아이가 원해서 구매합니다 ,digital
좋습니다 잘 쓰겠습니다   ,digital
게임덕후 친구에게 선물했어요,digital
 되고입니다 최고입니다,digital
배송 엄청 빠르네요 재밋습니다,digital
아이 생일 선물로 샀어요,digital
별이  개 고맙습니다,digital
별이  개 고맙습니다,digital
별이  개고맙습니다,digital
제품이 정말 좋아요,digital
빠르게 배송 좋았습니다 근데 파손되는 부분이있었네요 ,digital
아이 크리스마스 선물로 닌텐도 게임팩 구매했습니다  아이가 좋아합니다 ,digital
친구들 다 있다니 사줬어요 계속게임만해서 속상해요  ,digital
배송도 안왔는데 배송완료라고 뜨네요  확인좀부탁드립니다,digital
신랑 사줬는데  하루죙일 이것만하네요 엄청 재밌대요   ,digital
너무 늦게 받아서 별점하나 빼요   아이가 기다리다 목 빠질뻔 했네요  ,digital
잘받았어요 주문하고 언제나 오나 계속 기다리던 아들 받자마자 아주 신나했어요,digital
남편이 밤을 새며 재있게하네요  잘사준건지 괜히사준거 아닌가 싶네요    ,digital
게임을 몇 개 샀는데 배송온 거 보니까 같은 곳에서 보냈던데 배송료를 두 개 다 받는 이유를 모르겠음,digital
빠른 배송 감사합니다,digital
닌텐도 게임기 사면서  이거 안사면 안되요,digital
잘받았습니다  즐게임 할께요 ,digital
저렴한 가격에 구매할 수 있어서 좋아요  잘 사용하겠습니다   ,digital
초등아들선물 게임을 일찍 마스터하는건 그만큼 이 게임에 유통기한이 짧다는거지  천천히 게임을 즐기길  수채화같은 그래픽이 너무 아름다워 그림 그리고파 ,digital
초    살인 조카가 어린이날 선물로 사달래서 보내줬어요 코로나라 집콕만 하는 조카가 엄청 좋아해요 ,digital
닌텐도스우치를 젤다 머신으로 만들어버린 게임을 드디어샀습니다  몬헌라이즈를 하느라 아직 플레이해보진않았지만 기대되네요  배송도 아주빠르진 않았지만 보통으로 왔고 상품도 안전히 잘 도착했습니다  동봉된 오천원 선불권이 꽤나 쏠쏠했습니다   ,digital
닌텐도스위치  마리오 패키지살때부터  노리던   젤다의전설   마리오에잇   카트라이더   스트리트파이터  에이은   탄  구매   그럼  스윗치는  다 구매한건 가요      세  성인용 이라는  전설의  소문으로  구매못하다가     세용  획인후  구매   아빠가  폭력성향의  게이은 반대가  심해서리   근데   리트파이터는  같이한답니다     링크가찾아떠나는  여행   아이템모으는   기존  영어판으로  몇번해본듯   아들들은  잘아는데  저는  도통   반지의제왕  느낌   아들은  아빠한테 계속  모험이라우기는데 사실  그런것같진,digital
저렴하게 구매하고 배송이 지연될꺼같아 조마조마했지만 발매일에 정확히 잘 받았습니다  사은품인 스타벅스 텀블러까지 안전하게 잘 왔고 안에 음료교환까지 들어 있으니    완전 굿      최고  앞으로 예판할때도    로 구매해야겠습니다  그리고                           젤다의전설 브레스 오브 더 와일드   스위치 한국정식발매도 늦었고 아직도 기본적인 이샵과 스위치 본체 현지화도 안되어있지만 젤다를 무려 한글로 발매한다는 소식하나만으로 스위치를 구매하게 만든 게임   우선 젤다는 재미도 재미지만 한번 플레이를 시작,digital
와 진짜 잘샀어요  예판은 언제나 쓱이라고 배웠습니다  진짜 정가주고 산거 안아깝네요   판매자님이 항상 친절하게 답글달아주시고 답글보면 포장도 해서 준다고하시고 음료쿠폰도 주신다곤 하셨지만 사실 그렇게 기대는 안했거든요  근데 정말 하나하나 리본까지 이쁘게 묶어서 포장해서 보내주시고 텀블러 음료쿠폰도 스벅 매장에서 구매하면 영수증같이 생긴데다 주고    기간도 무지 짧은데 이번에 보내주신건 지류상품권처럼 고급스럽게 인쇄된데다 기간도     년 말일까지라서 기네요  완전 흡족합니다  스벅 텀블러 여,digital
빠른 배송 감사합니다,digital
추천합니다 배송도 빨라요,digital
좋아요좋아 고마워요 고맙습니다,digital
싼가격에 좋은게임 사서 너무 좋습니다,digital
너무 재밌어요   ,digital
빨리와 서 좋았어요    ,digital
직접 구매 사용 상품 입니다 ,digital
재미있게 하고 있어요 좋아요,digital
저렴하게 잘 샀습니다,digital
아지구해보지는 않았는데 배소우빨라좋아요,digital
재미나요 잘 구매했습니다 ,digital
만족합니다 만족합니다,digital
젤다 야숨 쿠폰 덕에 싸게 샀습니다 배송도 빨랐어요,digital
좋아요가나다라마바사 ,digital
배송이 빠르고 좋아요,digital
젤다의 전설 재밋어요,digital
재미있습니다  잘이용하겠습니다 ,digital
빠른배송과 저렴한 가격에 만족합니다,digital
저는 잘 모르겠지만 애가 재밌다고 하심,digital
할인 받아서 싸게 잘 샀어요 젤다 야숨 ,digital
닌텐도 스위치가 있으니  저스트댄스  루이지맨션 다음으로 구매한 상품입니다  아이가 크면서 게임의 수요는 항상 있고  그나마 대화면에 통제할 수 있는 게임입니다  몰입도는 최상입니다만 너무 게임에만 집중할까 걱정될 정도입니다 ,digital
아들 선물으로 구매했습니다,digital
아이가 정말정말 좋아해요,digital
재밌게 잘 사용하고 있습니다 ,digital
좋아요 좋아요 좋아요 좋아요 좋아요 좋아요,digital
조카가 아주 좋아라 하네요 ,digital
아이가 너무 좋아해요 아빠랑 재미있게 게임하고 있어요 카우방 정말  ,digital
아이나 엄청 잼있다고 좋아해요 어른이 봐도 신기하네요 ,digital
배송빠름 아들과 같이 할때 재밌네요 ,digital
저렴하고 배송도 빨라요,digital
좋은상품 감사합니당,digital
좋아요 아이가 좋아해요,digital
아이들이 너무 너무 조아하네요  ,digital
아이가 재미있게 하고있어요,digital
아이가 너무좋아하는 게임이네요,digital
쓱배송좋아요 편해요,digital
애들이랑 멀티할려고 두번째 구입했습니다,digital
감사합니다 잘받았습니다,digital
배송도 빠르고 아이가 좋아하네요,digital
배송이 빨리와서 아들이 너무 좋아하네요,digital
배송빠르고 포장좋아요,digital
배송도 빠르고 좋아욥,digital
좋아요 좋아요 좋아요,digital
애들 해보고싶어해서 선물로 사봤어요 마인크래프트 꾸준히해보고 다시 리뷰하겠습니다,digital
아이가 너무나 좋아하네요,digital
저렴하게사서 너무좋아요,digital
아이가 너무 좋아해요,digital
배송진짜 빠르게오고 쿠 보다 가격도 저렴해요 ,digital
아이가 엄청 좋아할듯요,digital
싸게 잘샀습니다  배송도 빠르고요,digital
아이가 엄청 좋아합니다 ,digital
종아용 굳굳 굽입니다,digital
배송빠르고 포장좋아요,digital
배송도 빠르고 제품도 좋아요,digital
내구성에 문제가 있다는 후기들로 걱정이 많았는데 거칠게 사용하지 않는 편이라서 그런지 아직까지는 문제가 없네요  갈림방지 테이핑도 구매했는데 아직 부착을 안 했음에도 괜찮음 ,digital
이걸로 몬헌하니깐 너무좋아요,digital
아주 편하네요 프로콘,digital
배터리도 오래가고 제품 생산월일도 최근 제품이라 만족합니다 ,digital
쓱배송이 정말 진리네요 좋은제품 감사감사,digital
예비용으로 망가지기 전에 구입했습니다,digital
확실히 프로콘은 틀리네요 ,digital
연결 잘 되고 아주 좋아요,digital
배송 빨리받아서 너무 좋네요 ,digital
동생 선물로 모냈는데 만족합니다 ,digital
조작감 좋습니다  꼭 사야하는 필수품,digital
항상구매하는 제품이에요 좋아요,digital
기대하던대로네요 ,digital
아이가 사달라고 해서 구매했는데 잘사용하고 있습니다,digital
사용하던 컨트롤러가 고장나서 구입했는데 쓱배송으로 와서 빨리 받을 수 있었습니다 ,digital
일단 배송이 빠르다는 점에 감동  안전하게 잘왔다는 점에 감동이 배가 되었고 조작감 또한 부드럽게 잘 작동합니다  스틱과 버튼의 내구성이 약하다는 평가가 다소 있지만 잘 관리만 해준다면 오랜 기간동안에 사용할 수 있을 듯 싶습니다 ,digital
만족합니다  배송도 빠르고  포장도 완벽하게 왔습니다  주문하고 다음날 바로 받아 볼수 있었습니다  친절하게 기사님이 잘 가져다 주셔서  만족합니다  이렇게 편하게 집에서 배달 받아서 쓸수 있다니  세상 좋아졌네요    몰  이마트몰에서는 스위치 재고도 많아서 편하게 원하는 상품을 구매할수 있어서 좋습니다  매번 이마트몰을 애용하는데     역시나 저를 실망 시키지 않습니다  다음 젤다 예판때에도    몰을 이용하려고 생각합니다  앞으로도 많은 상품 많은 게임 많은 예판 자주 진행해 주세요,digital
그립감이 좋아요  잘 쓰고있어요 ,digital
쓱 배송으로 잘 받았습니다 ,digital
쓱배송은 정말 좋네요 원하던 시간에 바로 갖다주고   제품은 약간의 불량 이 있으나 그건 머 제조업체 문제이니   대체로 만족합니다,digital
그립감도 좋고 배송도 좋아요,digital
스플래툰은 프로컨으로 해야하네요 역시   손이 훨씬 편함니다 조금 무겁지만   ,digital
제품 하자 없이 잘 왔습니다  배송 시간선택제 너무 좋네요 ,digital
다행히 회사 근처 이마트에 재고 있어서 빨리 받았네요  빠른 배송 감사합니다 ,digital
다행히 회사 근처 이마트에 재고 있어서 빨리 받았네요  빠른 배송 감사합니다 ,digital
쓱배송이 되다니 너무 편한것,digital
배송 빠르고 좋습니다 ,digital
잘받았어요항상잘쓰고있어오 ,digital
좋아요 아주 잘쓰고있어요   ,digital
만족합니다 ,digital
 채    노치노  초   치,digital
물건은 못받았는데 왜 배송완료라고 하나요 ,digital
카드할인으로 싸게 구매해서 좋네요,digital
좋아요       ,digital
환상적인 마리오들의 자동차 경주    정말 아이들이 행복해 해요 맨날 싸워서  개씩 사야해서 너무 고민이에요 좋은 가격에 좋은 상품 정말 감사합니다  아이들이 자기꺼 있다고 좋아하네요,digital
빠른배송감사합니다  잘받았습니다,digital
잘 쓰고있습니다  ,digital
정말 재미있게 즐기고 있습니다 최고에요 정말 재미있게 즐기고 있습니다 최고에요 정말 재미있게 즐기고 있습니다 최고에요 정말 재미있게 즐기고 있습니다 최고에요 정말 재미있게 즐기고 있습니다 최고에요 정말 재미있게 즐기고 있습니다 최고에요 정말 재미있게 즐기고 있습니다 최고에요 정말 재미있게 즐기고 있습니다 최고에요 정말 재미있게 즐기고 있습니다 최고에요 정말 재미있게 즐기고 있습니다 최고에요 정말 재미있게 즐기고 있습니다 최고에요 정말 재미있게 즐기고 있습니다 최고에요 정말 재미있게 즐기고 있습니다 최,digital
배송이 느리긴 했지만 좋습니다 ,digital
배송은 좀 느렸지만 게임팩이라 좋습니다 ,digital
두말이 필요없지만 레이싱게임중 최고 인것같이요,digital
애들이 너무 좋아해요,digital
너무 너무 재미있어요 추천해요,digital
배송이너무느려서 잊고있으니왔어요 이렇게불편할줄알앗으면    에서안사는건데,digital
배송 빠르게 잘 왔습니다  재밌게 할게요 ,digital
좋아요 감사합니다 강력추천,digital
잘받았어요 재미있습나다,digital
마리오 카트는 여전히 잼있습니다 하지만 스위치가 별루임,digital
즐기다 보면 시간이 정말 빨리 가요 ,digital
잘받았어요 아이들이 잘받았어요 배송 빠르게 와서 좋았네요  ,digital
취급주의 라는 글짜가 무색하게 박스가 아주 예쁘게 포장 되어 왔어요   물론 안에 내용물도 뽁뽁이로 대충 휘리릭 감아 왔구요 안에 뽁뽁이는 스카치 테잎도 없이 걍 한번 감아 주셨네요 고맙습니다  박스는 한일전에 열받아서 대신 불꽃 슛  을 날리신듯이 구멍이 시원하게나서 비싸디 비싼 중국산 스카치 테잎으로 두번 세번 구멍을 막아서 배송을 해 주셨네요 그래도 이게 어딥니까 구멍은 막혔잖아요 그리고 안에 내용물도 있잖아요 그럼 됐지요  빈박스만 올수도 있었을텐데  개시켰는데  개만 올수도 있었을 텐데 감사하게,digital
최고예요 ,digital
아이가 좋아하네요 ,digital
배송이 빨라 좋아요,digital
환상적인 마리오들의 자동차 경주    정말 아이들이 행복해 해요 맨날 싸워서  개씩 사야해서 너무 고민이에요 좋은 가격에 좋은 상품 정말 감사합니다  아이들이 자기꺼 있다고 좋아하네요,digital
다른곳보다싸게잘샀어요,digital
저렴한가격에 구입해서 재밌어요,digital
별이 개 고맙습니다,digital
병 이 개유 고바  슴니다,digital
아이랑 즐겁게 하고 있습니다 ,digital
아이가좋아하네요 좋은가격에 잘구매하였어요,digital
꿀잼  다같이 모여서 하면 재밌어여,digital
저렴하게 잘 샀어요,digital
원하던 선물이라서 엄청 좋아하네요 ,digital
  인치에서 네명이서하니 좀 어지럽긴하지만 재미나요    ,digital
닌텐도 사서 남매둘이 할게없다더니 요즘은 이것만하네요,digital
 세  세 두 아이 하기 너무 좋네요  입문용으로 딱이예요 ,digital
좀 하다보면 금방 질릴 듯한데    그래도 아이들은 재미있게 합니당 ,digital
저렴하게 잘 구매했습니다 정말 만족합니다    감사합니다   ,digital
얼마전 닌텐도 구입한 조카들 크리스마스 선물로 준비했어요  배송은 조금 느렸는데 크리스마스 이전 도착해서 다행이예요,digital
조금 저렴히 사서 기분이 좋네요,digital
게임이야    뭐    잼있어요     근데 배송이 영      월   일에 결제했는데       월  일에 수령했네요    배송느려서 별 좀 뺐어요   ,digital
배송빠르고 재미있네요 ,digital
판매자한테 따질건 아니지만   예전 디에스 시절부터 있던 카트랑 크게 변한게 없네 더구나 나온지  년 넘는게 아직 이 가격  세일도 소니만큼 안하고 참 맘에 안듬,digital
착한 가격에 잘 산거 같아요 아이와 함께 하니 너무 너무 좋아합니다 강추드립니다,digital
애용중입니다    ,digital
같이 하면 더 재미있어요,digital
남편이 잘 가지고 놀아요,digital
배송도 생각보다 빠르고 애가 좋아해요,digital
아이가원해서구매했어요,digital
가법게 즐기기 좋은 게임이네요,digital
아이들이 정말 좋아합니다,digital
가성비좋은 제품입니다,digital
조카 선물로 사 어요,digital
아이 선물로 구매했는데  너무 신나하네요,digital
배송 빨라요   살 아이랑 하는데 아이가 엄청 좋아하네요 ,digital
배송이 아주 빠릅니다    생각보다 너무 빨리와서 놀랐어요,digital
마리오카트  디럭스 넘넘 재밌어요  가족들이랑 시합하는 재미가 쏠쏠합니다 ,digital
프리미엄을 응모하기위해    자를써야하다니 으    프리미엄을 응모하기위해    자를써야하다니 으    프리미엄을 응모하기위해    자를써야하다니 으    프리미엄을 응모하기위해    자를써야하다니 으    프리미엄을 응모하기위해    자를써야하다니 으    프리미엄을 응모하기위해    자를써야하다니 으    프리미엄을 응모하기위해    자를써야하다니 으    프리미엄을 응모하기위해    자를써야하다니 으    프리미엄을 응모하기위해    자를써야하다니 으    프리미엄을 응모하기위해    자를써야하다니 으    프리미엄을 응모하기,digital
프리미엄을 응모하기위해    자를써야하다니 으    프리미엄을 응모하기위해    자를써야하다니 으    프리미엄을 응모하기위해    자를써야하다니 으    프리미엄을 응모하기위해    자를써야하다니 으    프리미엄을 응모하기위해    자를써야하다니 으    프리미엄을 응모하기위해    자를써야하다니 으    프리미엄을 응모하기위해    자를써야하다니 으    프리미엄을 응모하기위해    자를써야하다니 으    프리미엄을 응모하기위해    자를써야하다니 으    프리미엄을 응모하기위해    자를써야하다니 으    프리미엄을 응모하기,digital
배송 빠르고 좋아요,digital
배송빠르고 재미있어요,digital
          ,digital
아이가 갖고 싶었던거라 많이 좋아합니다 좋아요,digital
아이 선물로 구매했는데  너무 신나하네요,digital
애들이 아주 좋아합니다,digital
잘 받았습니다  재미있어요 ,digital
너무나도잘쓰고있어요,digital
너무나도잘쓰고있어요,digital
집에서 질하고 있어요,digital
마리오카트 스릴넘치게 재밌네요 ,digital
아이들과 같이 놀기 좋습니다 ,digital
빠르게 잘 받았습니다,digital
닌텐도스위치로 플레이 하기 간단합니다,digital
배송은 하루만에   조카들이 넘넘 좋아해요  ,digital
넘넘재밌어요굿굿추천,digital
감사합니다 잘쓸께요,digital
감사합니다잘쓸께요 ,digital
감사합니다잘쓸께요 ,digital
감사합니다 감사합니다,digital
너무좋은선물이네요굿,digital
감사합니다잘쓸께요굿,digital
잘 받았습니다 감사합니다,digital
마카는 스테디셀러라 논할 필요도 없죠,digital
빠른배송에 감사드립니다 ,digital
저렴하게 구매해서 아이랑 잘 하고있어요,digital
너무너무 맘에 들어요,digital
너무너무 맘에 들어요,digital
저렘하게 잘 샀어요  아이들과 함께 어울리기 위해 샀는데 역시 호과가 좋네요,digital
상품이 참 괜찮네요  다음번에도 구매예정 입니다  감사합니다 ,digital
상품은 잘 도착했습니다  다만 배송이 조금 느렸습니다  ,digital
배송도 늦고  택배사들 물품 험하게 다루는데 포장을 종이봉투에 담아 보냈습니다 ,digital
애들이넘재밌어해요 ,digital
아직 못했어요 해보고 다시쓸께요    많이파세요,digital
옛날 위스포츠 생각나서 구매 했습니다  그때는 친구들과 즐겼는데 이젠 아이들과 즐기네요    좋은 게임 감사합니다,digital
여러가지 스포츠를 재미있게 할수 있어 좋아요,digital
배송 빠르고 좋아요  잼나네요,digital
아이들이 너무 신나하는 게임이에요,digital
좋습니다 좋습니다 좋습니다,digital
조카선물 인데 좋아해요   ,digital
온가족이 즐겁게 할 수 있어서 좋아요 ,digital
아이들이 좋아합니다,digital
완저 재미있어요  온가족 즐기기에 딱 ,digital
싸게 잘 샀어요  ,digital
잘 받았습니다  마음에 들어요  감사합니다    ,digital
배송 정날 빠름요 대박,digital
좋아요 ,digital
총알배송 만족   두번째 구매    아르세우스 초반 달리다가 아들내미가 잘안해서 당근에 팔았더니 다시 사달라고해서     엔딩 볼때까지 옆에서 도와주려고요   ,digital
빠른 배송 감사합니다 ,digital
최고예요 ,digital
배송도 빨랐고 아이들이 너무 좋아합니다 ,digital
배송잘받았습니다  만족합니다 ,digital
좋은 가격에 좋은 제품 구매하였습니다,digital
조카 생일선물로 샀어요 배송도 빠르고 마그넷같이 있어서 너무 좋아하네요,digital
애들이 굉장히 좋아하고 행사 때 저렴하게 구입해서 만족해요 ,digital
예상보다 빠른 배송에 선물을 받고 좋아하던 조카를 생갇하니 감사드립니다,digital
  살 아들이 구매 해 달라고 해서 구매 했습니다  포켓몬 열기가 뜨겁네요,digital
배송빠르고저렴하게구입했습니다,digital
최고예요     아들이 너무 좋아하네요  어린이날 선물로 사줬는데,digital
추억을 되살려 다시 포켓몬으로 돌아왔습니다 역시는 역시네요,digital
아이가 좋아합니다 조기구입 특전도 받을 수 있어요 좋아요,digital
아이 생선이였는데 빠른배송과 한카리아스 의상세트 있어서 더 좋네요,digital
다른곳보다 약간 저렴하게 잘산거 같아요  감사합니다 ,digital
최고예요 ,digital
좋아요    아이가좋아하네요,digital
조카가 좋아하는데 어렵대요,digital
아주 좋습니다  완벽합니다 ,digital
아들생일선문로샀는데 다른거필요하데서 반품고민중이예요,digital
배송 빠르고 좋습니다,digital
아이들이 아주아주 좋아합니다,digital
할만함 아주 재미있진 안음,digital
아이 선물로 좋아요,digital
잘 도착했습니다  감사합니다 ,digital
아들이 좋아해요  ,digital
정말 좋아요 재미있어요,digital
배송 빠르고 아이가 잼있어해요,digital
빠르게 배송 왔고 재밌게 잘 쓰고 있습니다 ,digital
자주 구매하는 거예요,digital
아들 생일 선물로 구매했어요,digital
요것도 재밌나봐요,digital
아이가 재밌어합니다 ,digital
잘 도착했어요 좋아요,digital
아이들이 좋아해요  저렴하게 잘 샀어요,digital
아들한물로 산거 좋아하네요   ,digital
아이가 엄청 행복해 하네요,digital
좋아요 애들이 좋아해요 ,digital
배송도 빠르고 굿굿굿,digital
배송도 깔끔하게 잘왔어요,digital
아들이 신났습니다 ,digital
게임은 재미있는데 그래픽이 좀 처참하네요   ,digital
조카 생일선물로 좋네요,digital
빠르게 배송 잘 받았습니다 ,digital
잘받았습니다 어린이날선물,digital
이벤트 기간내 잘 샀어요 ,digital
배송빨랐어요 나름  아이가 좋아해요,digital
저렴하게 잘 샀습니다  아이기가 좋아합니다 ,digital
좋아요 잘삿어요감사합니다,digital
빠르고 안전하게 잘 도착하였습니다 ,digital
아이가 좋아합니다 ,digital
배송빠르고저렴하게구입,digital
묶음배송해서 싸게 잘 산 것 같아요  빠르게 왔고요 ,digital
배송 빠르고 상품 좋아요 ,digital
배송 깔끔하게 잘 왔어요 좋아요,digital
배송빨라서 너무좋네요 ,digital
배송도 빠르고 편하게 이용할 수 있어요,digital
배송 빠르고 좋아요 ,digital
새로운 버전 기대된다구,digital
아이가 너무 좋아해요  사준 보람이 있네요 ,digital
배송최악입니다 일요일에 주문한게 토요일 다 지나서 왔습니다 월요일에 송장 올려놓고 목요일에 발송한 것이 분명해 보이네요 두번다신 여기서 그 어떤 것도 주문하지 않을겁니다,digital
아이와 자가격리때 사용하려 구매했습니다 ,digital
선물로 샀어요  너무  아해요,digital
좋네요 물건도 빨리오고 잘쓰겠습니다,digital
잘 쓰고 있습니다 그런데      모델은 원래 필름이 붙어 나오더군요 참고하세요 ,digital
배송이 너무 느렸고 택배 박스도 제품에 비해 엄청 큰걸로 보내줘서 황당했네요,digital
아들이 좋아하네요  ,digital
당첨되서 샀는데 아직 미사용중이에용,digital
그럭저럭 쓸만합니다,digital
정품이고 휴대하기 편해서 좋아요 ,digital
케이스 깔끔하고 이뻐요,digital
잘사용하고 있습니다  배송이 너무느립니다 ,digital
퀄리티가 좀 애매   그냥 정품 파우치,digital
잘 받았습니다 감사합니다,digital
물건 잘 도착해서 잘 받았습니다,digital
상자가 조금 부셔져있어서 슬펐지만 사용에는 문제가 없습니다 배송도 정말 빠르게 잘 왔고 스마일데이 혜택으로 좋은 가격에 구매했습니다 인테리어 통일성 생각하고 화이트로 샀는데 생각해보니 각각의 컨트롤러 주인이 누군지 확인이 안되어서  캡이나 스티커로 표시해야 할 것 같네요   ,digital
잘샀어요  감사합니다,digital
좋아요 저렴히 잘 샀어요,digital
둘이 하기에 너무 즐겁게 딱이에요,digital
남편장난감을 선물로 사줬습니다 ,digital
빠른 배송 만족합니다,digital
빠른 배송 감사합니다,digital
좋은제품 항상 고맙습니다 ,digital
저렴한 가격에 잘 구매했네요 ,digital
좋아요좋아요 좋아요,digital
좋아요   작동 이상없이 잘 되구요  카드 할인 받아서 조금 저렴하게 구입한 것 같네요,digital
너무 좋아요   아직 플스 는 없지만 미리 구매함  ,digital
오좋네요  그레이가 섞인 화이트라 고급짐요,digital
빠른 배송 감사해용,digital
캠핑카그림에 캐릭터들 있어요 최신건 없지만   ,digital
빠른 배송 감사합니다,digital
평소 이마트몰 자주 이용하는데 방문하지 않고 편하게 집에서 구입하니 좋네요  안전배송  마음에 들어요  감사합니다 ,digital
받자마자 모동숲에서 불러와봤는데 잘되네요 ,digital
궁금해서 구매해봤어요,digital
배송빠릅니다 빠릅니다 ,digital
이거   팩 사면 박스로 받을수있을라나요   ,digital
아이가 이번 뽑기 잘되서 조아해요,digital
아이가 너무 좋아해요,digital
빠른 배송 감사해용,digital
위시가 안나와서   ,digital
위시가 안나와서 안타까워요,digital
잘받았어요 맘에듭니다,digital
빠르고 안전한 배송 좋아요,digital
궁금해서 사봤어요  원하는 친구가 안나왔지만 괜찮아요,digital
첨사봤는데 위시주민 두명까지나와서 대만족했어요,digital
한팩만 사봤는데 넘 만족스럽게 나왔어요,digital
한번 사봤는데 이상한 카드만 나왔어요  ,digital
중복 없이 나왔어요,digital
궁금해서 구매했는데 뭐가 들어 있을지 기대되네요 ,digital
빠르게 잘 받았어요,digital
산리오 아미보 카드도 판매해주면 좋겠다,digital
편하게 구매 잘 했어요,digital
배송도 빠르고 너무 좋아요  ,digital
원하는게 안나왔지만 만족해요,digital
메이가 나와서 이제 끝,digital
아미보카드 새로나온거 사고 싶었는데 넘 빨리 품절되서 이거라도 사봤어용    재밌네요,digital
뽑기 운이 안좋았는지    친구 선물로 사준건데 그냥 재미만 봤네요 ,digital
놀러와라 친구들  일반 카드와는 다르게 캠핑카를 타고 있어요,digital
동물의 숲 살때 간 카드랑 비슷해서 슬프지만   ,digital
동숲에서 잘 작동되네요,digital
잘 받았습니다    ,digital
아 너무너무 좋아요  입고줌요 ,digital
아이가 엄청해서 구매합니다,digital
할인해서 구매했어요,digital
배송도 빠르고 좋아요 ,digital
좋아요 좋아요 좋아요 좋아요,digital
가격이 너무 사악해요  ,digital
자주이용해요 맘에 들어요,digital
좋아요 재고가 딱 하나 모자라 한박스채로 사지 못한게 아쉬웠지만 그럭저럭 고르게 잘 나왔네요  ,digital
배송으로 구매할수 있어서 좋네요,digital
